id,autor,orden,aff,aid,pais,orcid
journal-article-10.1017_s0022381613000182,"hersh, eitan d.",1,NA,NA,NA,NA
journal-article-10.1017_s0022381613000182,"schaffner, brian f.",2,NA,NA,NA,NA
journal-article-10.1086_679189,"lichterman, paul",1,NA,NA,NA,NA
journal-article-10.1086_679189,"eliasoph, nina",2,NA,NA,NA,0000-0002-9460-3384
journal-article-10.1086_680332,"ratti, emanuele",1,NA,NA,NA,0000-0003-1409-8240
journal-article-10.1086_681102,"manza, jeff",1,NA,NA,NA,0000-0002-8163-8334
journal-article-10.1086_682962,"murray-watters, alexander",1,NA,NA,NA,NA
journal-article-10.1086_682962,"glymour, clark",2,NA,NA,NA,0000-0002-7584-9928
journal-article-10.1086_683328,"pietsch, wolfgang",1,NA,NA,NA,0000-0002-3058-5623
journal-article-10.1086_684083,"leonelli, sabina",1,NA,NA,NA,0000-0002-7815-6609
journal-article-10.2307_135492,"jones, j.c.h.",1,NA,NA,NA,NA
journal-article-10.2307_20695317,"lachmann, richard",1,NA,NA,NA,0000-0001-5305-3462
journal-article-10.2307_23254603,"ruggles, steven",1,NA,NA,NA,0000-0001-5353-2578
journal-article-10.2307_23359641,"ansolabehere, stephen",1,NA,NA,NA,0000-0001-5240-9084
journal-article-10.2307_23359641,"hersh, eitan",2,NA,NA,NA,0000-0001-8826-5852
journal-article-10.2307_23526834,"cukier, kenneth",1,NA,NA,NA,NA
journal-article-10.2307_23526834,"mayer-schoenberger, viktor",2,NA,NA,NA,NA
journal-article-10.2307_23526865,"mead, walter russell",1,NA,NA,NA,NA
journal-article-10.2307_23527006,"thrun, sebastian",1,NA,NA,NA,NA
journal-article-10.2307_23527006,"rose, gideon",2,NA,NA,NA,NA
journal-article-10.2307_24017822,"avey, paul c.",1,NA,NA,NA,NA
journal-article-10.2307_24017822,"desch, michael c.",2,NA,NA,NA,NA
journal-article-10.2307_24032984,"ward, michael d.",1,NA,NA,NA,0000-0002-6561-6186
journal-article-10.2307_24032984,"metternich, nils w.",2,NA,NA,NA,NA
journal-article-10.2307_24032984,"dorff, cassy l.",3,NA,NA,NA,NA
journal-article-10.2307_24032984,"gallop, max",4,NA,NA,NA,0000-0001-6352-4301
journal-article-10.2307_24032984,"hollenbach, florian m.",5,NA,NA,NA,0000-0002-9599-556X
journal-article-10.2307_24032984,"schultz, anna",6,NA,NA,NA,0000-0002-3850-3848
journal-article-10.2307_24032984,"weschle, simon",7,NA,NA,NA,0000-0002-5106-5301
journal-article-10.2307_24033143,"kelley, scott",1,NA,NA,NA,0000-0002-3489-540X
journal-article-10.2307_24033143,"nahser, ron",2,NA,NA,NA,NA
journal-article-10.2307_24139028,"janssen, philip jost",1,NA,NA,NA,NA
journal-article-10.2307_24142701,"wiedemann, gregor",1,NA,NA,NA,0000-0002-4239-295X
journal-article-10.2307_24235037,"buhr, carl-christian",1,NA,NA,NA,NA
journal-article-10.2307_24235037,"kleiner, thibaut",2,NA,NA,NA,NA
journal-article-10.2307_24311162,"casilli, antonio a.",1,NA,NA,NA,0000-0003-2025-1627
journal-article-10.2307_24311162,"tubaro, paola",2,NA,NA,NA,0000-0002-1215-9145
journal-article-10.2307_24311187,"alwin, duane f.",1,NA,NA,NA,NA
journal-article-10.2307_24311189,"de leeuw, edith d.",1,NA,NA,NA,NA
journal-article-10.2307_24311408,"lee, yeon-ok",1,NA,NA,NA,0000-0002-9671-0482
journal-article-10.2307_24311408,"lee, yeon-ok",1,NA,NA,NA,0000-0003-3961-669X
journal-article-10.2307_24311408,"lee, yeon-ok",1,NA,NA,NA,0000-0003-0030-2052
journal-article-10.2307_24311408,"lee, yeon-ok",1,NA,NA,NA,0000-0002-2480-9184
journal-article-10.2307_24311408,"lee, yeon-ok",1,NA,NA,NA,0000-0003-1771-7481
journal-article-10.2307_24311408,"lee, yeon-ok",1,NA,NA,NA,0000-0002-9418-9734
journal-article-10.2307_24311408,"lee, raymond m.",2,NA,NA,NA,NA
journal-article-10.2307_24363487,"broockman, david e.",1,NA,NA,NA,NA
journal-article-10.2307_24371897,"hero, rodney e.",1,NA,NA,NA,NA
journal-article-10.2307_24371897,"tolbert, caroline j.",2,NA,NA,NA,NA
journal-article-10.2307_24371899,"herron, michael c.",1,NA,NA,NA,NA
journal-article-10.2307_24371899,"smith, daniel a.",2,NA,NA,NA,0000-0001-9708-253X
journal-article-10.2307_24371975,"pacheco, julianna",1,NA,NA,NA,0000-0002-1166-6612
journal-article-10.2307_24371975,"fletcher, jason",2,NA,NA,NA,0000-0002-1126-5296
journal-article-10.2307_24385612,"bishop, matthew",1,NA,NA,NA,0000-0001-6282-0205
journal-article-10.2307_24426475,"atia, mona",1,NA,NA,NA,0000-0002-7777-4202
journal-article-10.2307_24433255,"tubaro, paola",1,NA,NA,NA,0000-0002-1215-9145
journal-article-10.2307_24433725,"tinati, ramine",1,NA,NA,NA,0000-0002-6504-9804
journal-article-10.2307_24433725,"halford, susan",2,NA,NA,NA,0000-0001-5102-1790
journal-article-10.2307_24433725,"carr, leslie",3,NA,NA,NA,0000-0002-2113-9680
journal-article-10.2307_24433725,"pope, catherine",4,NA,NA,NA,0000-0001-6253-185X
journal-article-10.2307_24433743,"woodward, kath",1,NA,NA,NA,0000-0003-3292-7073
journal-article-10.2307_24433743,"murji, karim",2,NA,NA,NA,0000-0001-7490-7906
journal-article-10.2307_24433743,"neal, sarah",3,NA,NA,NA,0000-0002-2585-1245
journal-article-10.2307_24433743,"watson, sophie",4,NA,NA,NA,0000-0003-2981-8490
journal-article-10.2307_24441843,"hui, yuk",1,NA,NA,NA,0000-0002-3242-9819
journal-article-10.2307_24442114,"charlwood, andy",1,NA,NA,NA,NA
journal-article-10.2307_24442114,"forde, chris",2,NA,NA,NA,0000-0001-9518-7151
journal-article-10.2307_24442114,"grugulis, irena",3,NA,NA,NA,NA
journal-article-10.2307_24442114,"hardy, kate",4,NA,NA,NA,0000-0003-0167-3584
journal-article-10.2307_24442114,"kirkpatrick, ian",5,NA,NA,NA,0000-0002-0438-7615
journal-article-10.2307_24442114,"mackenzie, robert",6,NA,NA,NA,0000-0001-6486-0307
journal-article-10.2307_24442114,"stuart, mark",7,NA,NA,NA,0000-0003-1331-0369
journal-article-10.2307_24461704,"choi-fitzpatrick, austin",1,NA,NA,NA,0000-0002-9044-5921
journal-article-10.2307_24461715,"leetaru, kalev",1,NA,NA,NA,NA
journal-article-10.2307_24467139,"couldry, nick",1,NA,NA,NA,0000-0001-8233-3287
journal-article-10.2307_24467545,"tubaro, paola",1,NA,NA,NA,0000-0002-1215-9145
journal-article-10.2307_24480742,"susewind, raphael",1,NA,NA,NA,0000-0003-1022-4748
journal-article-10.2307_24480742,"dhattiwala, raheel",2,NA,NA,NA,0000-0003-4100-2742
journal-article-10.2307_24481054,"mani, sunil",1,NA,NA,NA,0000-0001-6929-2556
journal-article-10.2307_24483317,"cavoukian, ann",1,NA,NA,NA,0000-0002-2324-0627
journal-article-10.2307_24483581,"mundie, craig",1,NA,NA,NA,NA
journal-article-10.2307_24483587,"karabell, zachary",1,NA,NA,NA,NA
journal-article-10.2307_24483669,"lowenberg-deboer, jess",1,NA,NA,NA,NA
journal-article-10.2307_24483811,"brynjolfsson, erik",1,NA,NA,NA,NA
journal-article-10.2307_24483811,"mcafee, andrew",2,NA,NA,NA,NA
journal-article-10.2307_24483812,"wolf, martin",1,NA,NA,NA,0000-0002-2016-5545
journal-article-10.2307_24483813,"nourbakhsh, illah reza",1,NA,NA,NA,NA
journal-article-10.2307_24483820,"king, charles",1,NA,NA,NA,0000-0002-4636-223X
journal-article-10.2307_24483820,"king, charles",1,NA,NA,NA,0000-0001-8423-2877
journal-article-10.2307_24483820,"king, charles",1,NA,NA,NA,0000-0001-6420-5695
journal-article-10.2307_24484902,"swetkis, doreen",1,NA,NA,NA,NA
journal-article-10.2307_24526257,"abdenur, adriana erthal",1,NA,NA,NA,NA
journal-article-10.2307_24526257,"da silva gama, carlos frederico pereira",2,NA,NA,NA,NA
journal-article-10.2307_24538681,"aldrich, richard j.",1,NA,NA,NA,NA
journal-article-10.2307_24539825,"stafford, tom",1,NA,NA,NA,0000-0003-0567-6117
journal-article-10.2307_24539825,"dewar, michael",2,NA,NA,NA,0000-0003-1913-0991
journal-article-10.2307_24540230,"cocks, joan",1,NA,NA,NA,0000-0001-5861-4791
journal-article-10.2307_24541845,"shah, dhavan v.",1,NA,NA,NA,NA
journal-article-10.2307_24541845,"cappella, joseph n.",2,NA,NA,NA,NA
journal-article-10.2307_24541845,"neuman, w. russell",3,NA,NA,NA,0000-0002-4629-9509
journal-article-10.2307_24541846,"hesse, bradford w.",1,NA,NA,NA,0000-0003-1142-1161
journal-article-10.2307_24541846,"moser, richard p.",2,NA,NA,NA,NA
journal-article-10.2307_24541846,"riley, william t.",3,NA,NA,NA,NA
journal-article-10.2307_24541847,"lin, jimmy",1,NA,NA,NA,0000-0003-3865-9778
journal-article-10.2307_24541848,"hindman, matthew",1,NA,NA,NA,0000-0002-4835-7151
journal-article-10.2307_24541849,"hargittai, eszter",1,NA,NA,NA,0000-0003-4199-4868
journal-article-10.2307_24541852,"soroka, stuart",1,NA,NA,NA,0000-0001-7524-0859
journal-article-10.2307_24541852,"young, lori",2,NA,NA,NA,NA
journal-article-10.2307_24541852,"balmas, meital",3,NA,NA,NA,0000-0001-9191-0488
journal-article-10.2307_24541853,"burscher, bjorn",1,NA,NA,NA,NA
journal-article-10.2307_24541853,"vliegenthart, rens",2,NA,NA,NA,0000-0003-2401-2914
journal-article-10.2307_24541853,"de vreese, claes h.",3,NA,NA,NA,NA
journal-article-10.2307_24541854,"driscoll, kevin",1,NA,NA,NA,0000-0003-1864-101X
journal-article-10.2307_24541854,"thorson, kjerstin",2,NA,NA,NA,0000-0002-5762-4688
journal-article-10.2307_24541856,"freelon, deen",1,NA,NA,NA,0000-0001-5055-0316
journal-article-10.2307_24541856,"lynch, marc",2,NA,NA,NA,NA
journal-article-10.2307_24541856,"aday, sean",3,NA,NA,NA,NA
journal-article-10.2307_24541859,"guggenheim, lauren",1,NA,NA,NA,NA
journal-article-10.2307_24541859,"jang, s. mo",2,NA,NA,NA,0000-0003-3277-7706
journal-article-10.2307_24541859,"jang, s. mo",2,NA,NA,NA,0000-0001-9370-3319
journal-article-10.2307_24541859,"bae, soo young",3,NA,NA,NA,0000-0003-0551-7618
journal-article-10.2307_24541859,"bae, soo young",3,NA,NA,NA,0000-0001-5405-7959
journal-article-10.2307_24541859,"bae, soo young",3,NA,NA,NA,0000-0001-8817-9831
journal-article-10.2307_24541859,"bae, soo young",3,NA,NA,NA,0000-0003-0593-3064
journal-article-10.2307_24541859,"neuman, w. russell",4,NA,NA,NA,0000-0002-4629-9509
journal-article-10.2307_24541862,"crosas, mercè",1,NA,NA,NA,0000-0003-1304-1939
journal-article-10.2307_24541862,"king, gary",2,NA,NA,NA,0000-0001-7761-9264
journal-article-10.2307_24541862,"honaker, james",3,NA,NA,NA,0000-0002-5404-539X
journal-article-10.2307_24541862,"sweeney, latanya",4,NA,NA,NA,NA
journal-article-10.2307_24541863,"o'donnell, matthew brook",1,NA,NA,NA,NA
journal-article-10.2307_24541863,"falk, emily b.",2,NA,NA,NA,NA
journal-article-10.2307_24541865,"zamith, rodrigo",1,NA,NA,NA,0000-0001-8114-1734
journal-article-10.2307_24541865,"lewis, seth c.",2,NA,NA,NA,0000-0001-7498-0599
journal-article-10.2307_24545949,"gutsche, tania l.",1,NA,NA,NA,NA
journal-article-10.2307_24545949,"kapteyn, arie",2,NA,NA,NA,0000-0002-1855-5528
journal-article-10.2307_24545949,"meijer, erik",3,NA,NA,NA,0000-0001-6779-0295
journal-article-10.2307_24545949,"weerman, bas",4,NA,NA,NA,NA
journal-article-10.2307_24545956,"sides, john",1,NA,NA,NA,NA
journal-article-10.2307_24546000,"santos, robert l.",1,NA,NA,NA,NA
journal-article-10.2307_24546180,"hur, aram",1,NA,NA,NA,0000-0003-1221-5749
journal-article-10.2307_24557406,"zeitzoff, thomas",1,NA,NA,NA,0000-0003-4889-7198
journal-article-10.2307_24557406,"kelly, john",2,NA,NA,NA,0000-0001-9922-1302
journal-article-10.2307_24557406,"lotan, gilad",3,NA,NA,NA,NA
journal-article-10.2307_24557408,"dafoe, allan",1,NA,NA,NA,0000-0003-0377-205X
journal-article-10.2307_24557408,"lyall, jason",2,NA,NA,NA,0000-0001-9117-7503
journal-article-10.2307_24557411,"buhaug, halvard",1,NA,NA,NA,0000-0002-6432-5985
journal-article-10.2307_24557411,"levy, jack s",2,NA,NA,NA,NA
journal-article-10.2307_24557411,"urdal, henrik",3,NA,NA,NA,0000-0002-6545-2708
journal-article-10.2307_24557414,"schneider, gerald",1,NA,NA,NA,0000-0003-3122-7948
journal-article-10.2307_24557423,"gleditsch, kristian skrede",1,NA,NA,NA,0000-0003-4149-3211
journal-article-10.2307_24557423,"metternich, nils w",2,NA,NA,NA,NA
journal-article-10.2307_24557423,"ruggeri, andrea",3,NA,NA,NA,0000-0001-9750-6099
journal-article-10.2307_24557478,"vance, colin",1,NA,NA,NA,0000-0002-9091-1152
journal-article-10.2307_24557478,"ritter, nolan",2,NA,NA,NA,NA
journal-article-10.2307_24562159,"smith, j. walker",1,NA,NA,NA,0000-0003-4304-1980
journal-article-10.2307_24572845,"keele, luke j.",1,NA,NA,NA,NA
journal-article-10.2307_24572845,"titiunik, rocío",2,NA,NA,NA,NA
journal-article-10.2307_24572970,"street, alex",1,NA,NA,NA,0000-0001-6790-3798
journal-article-10.2307_24572970,"murray, thomas a.",2,NA,NA,NA,0000-0003-2769-4957
journal-article-10.2307_24572970,"blitzer, john",3,NA,NA,NA,NA
journal-article-10.2307_24572970,"patel, rajan s.",4,NA,NA,NA,0000-0003-3192-8189
journal-article-10.2307_24573066,"hammer, michael j.",1,NA,NA,NA,0000-0002-0981-4647
journal-article-10.2307_24573066,"banks, antoine j.",2,NA,NA,NA,NA
journal-article-10.2307_24573066,"white, ismail k.",3,NA,NA,NA,NA
journal-article-10.2307_24573819,"macdonald, bruce w.",1,NA,NA,NA,NA
journal-article-10.2307_24573819,"ferguson, charles d.",2,NA,NA,NA,NA
journal-article-10.2307_24575963,"mccormick, ty",1,NA,NA,NA,NA
journal-article-10.2307_24576014,"leetaru, kalev",1,NA,NA,NA,NA
journal-article-10.2307_24577365,"harris, shane",1,NA,NA,NA,0000-0002-1965-3904
journal-article-10.2307_24577365,"castelao, leandro",2,NA,NA,NA,NA
journal-article-10.2307_24577426,"ho, peter",1,NA,NA,NA,0000-0002-5834-0628
journal-article-10.2307_24577426,"ho, peter",1,NA,NA,NA,0000-0003-4962-6808
journal-article-10.2307_24577427,"schwenke, chloe",1,NA,NA,NA,0000-0003-4503-8566
journal-article-10.2307_24577466,"rothkopf, david",1,NA,NA,NA,NA
journal-article-10.2307_24577466,"chase, matt",2,NA,NA,NA,NA
journal-article-10.2307_24577694,"rothkopf, david",1,NA,NA,NA,NA
journal-article-10.2307_24577908,"larson, christina",1,NA,NA,NA,0000-0003-2952-5778
journal-article-10.2307_24577908,"larson, christina",1,NA,NA,NA,0000-0002-9957-3217
journal-article-10.2307_24577908,"chow, stefen",2,NA,NA,NA,NA
journal-article-10.2307_24579865,"darmon, isabelle",1,NA,NA,NA,0000-0002-8498-0514
journal-article-10.2307_24579865,"frade, carlos",2,NA,NA,NA,0000-0002-7655-8858
journal-article-10.2307_24582958,"wilkerson, john",1,NA,NA,NA,0000-0001-6107-3455
journal-article-10.2307_24582958,"smith, david",2,NA,NA,NA,0000-0003-0370-353X
journal-article-10.2307_24582958,"stramp, nicholas",3,NA,NA,NA,0000-0003-4516-2081
journal-article-10.2307_24583053,"fraga, bernard l.",1,NA,NA,NA,0000-0001-9907-4883
journal-article-10.2307_24583171,"aronova, elena",1,NA,NA,NA,0000-0002-2072-6701
journal-article-10.2307_24583173,"uhrqvist, ola",1,NA,NA,NA,0000-0001-5532-4633
journal-article-10.2307_24590987,"usmani, zeeshan-ul-hassan",1,NA,NA,NA,NA
journal-article-10.2307_24590987,"ernst, max",2,NA,NA,NA,NA
journal-article-10.2307_24590987,"sharma, pranav",3,NA,NA,NA,0000-0001-8525-9000
journal-article-10.2307_24590987,"sharma, pranav",3,NA,NA,NA,0000-0003-4883-3231
journal-article-10.2307_24590987,"singh, neil",4,NA,NA,NA,0000-0002-9987-4001
journal-article-10.2307_24643823,"franko, william w.",1,NA,NA,NA,NA
journal-article-10.2307_24643860,"miller, susan m.",1,NA,NA,NA,0000-0002-5976-2742
journal-article-10.2307_24643860,"ringsmuth, eve m.",2,NA,NA,NA,NA
journal-article-10.2307_24643860,"little, joshua m.",3,NA,NA,NA,NA
journal-article-10.2307_24650927,"streeck, wolfgang",1,NA,NA,NA,NA
journal-article-10.2307_24702299,"saxton, gregory d.",1,NA,NA,NA,NA
journal-article-10.2307_24703486,"zhou, wei",1,NA,NA,NA,0000-0002-6820-6430
journal-article-10.2307_24703486,"zhou, wei",1,NA,NA,NA,0000-0002-6814-8357
journal-article-10.2307_24703486,"piramuthu, selwyn",2,NA,NA,NA,0000-0002-1355-9554
journal-article-10.2307_24703624,"decker, catharina",1,NA,NA,NA,NA
journal-article-10.2307_24703624,"van quaquebeke, niels",2,NA,NA,NA,0000-0002-6141-4659
journal-article-10.2307_24703770,"eriksson, david",1,NA,NA,NA,0000-0002-1627-8459
journal-article-10.2307_24703770,"svensson, göran",2,NA,NA,NA,0000-0002-4675-353X
journal-article-10.2307_24704576,"cooper, s. barry",1,NA,NA,NA,0000-0001-9409-8536
journal-article-10.2307_24704576,"cooper, s. barry",1,NA,NA,NA,0000-0001-5214-7723
journal-article-10.2307_24709310,"merke, federico",1,NA,NA,NA,0000-0003-1423-795X
journal-article-10.2307_24709310,"pauselli, gino",2,NA,NA,NA,0000-0002-7497-7354
journal-article-10.2307_24710571,"knoblauch, heidi",1,NA,NA,NA,NA
journal-article-10.2307_24710571,"daniels, jessie",2,NA,NA,NA,NA
journal-article-10.2307_24710574,"conley, dalton",1,NA,NA,NA,0000-0002-5174-7222
journal-article-10.2307_24711106,"herron, michael c.",1,NA,NA,NA,NA
journal-article-10.2307_24711106,"smith, daniel a.",2,NA,NA,NA,0000-0001-9708-253X
journal-article-10.2307_24721428,"chen, chih-cheng",1,NA,NA,NA,0000-0002-8156-729X
journal-article-10.2307_24721428,"chen, chih-cheng",1,NA,NA,NA,0000-0002-9189-0891
journal-article-10.2307_24721428,"chen, chih-cheng",1,NA,NA,NA,0000-0002-6976-7096
journal-article-10.2307_24721428,"chen, chih-cheng",1,NA,NA,NA,0000-0001-7054-903X
journal-article-10.2307_24754193,"lundquist, jennifer h.",1,NA,NA,NA,NA
journal-article-10.2307_24754193,"lin, ken-hou",2,NA,NA,NA,0000-0002-6811-2821
journal-article-10.2307_24754193,"lin, ken-hou",2,NA,NA,NA,0000-0002-4743-1663
journal-article-10.2307_24754273,"lewis, kevin",1,NA,NA,NA,0000-0003-3829-4350
journal-article-10.2307_24754990,"de giacomo, giuseppe",1,NA,NA,NA,0000-0001-9680-7658
journal-article-10.2307_24754990,"de giacomo, giuseppe",1,NA,NA,NA,0000-0003-1711-3047
journal-article-10.2307_24754990,"lespérance, yves",2,NA,NA,NA,NA
journal-article-10.2307_24754990,"patrizi, fabio",3,NA,NA,NA,0000-0002-9116-251X
journal-article-10.2307_24754990,"vassos, stavros",4,NA,NA,NA,0000-0001-7564-5290
journal-article-10.2307_24755765,"martin, kirsten",1,NA,NA,NA,0000-0002-0638-0169
journal-article-10.2307_24756349,"foster, jacob g.",1,NA,NA,NA,NA
journal-article-10.2307_24756349,"rzhetsky, andrey",2,NA,NA,NA,0000-0001-6959-7405
journal-article-10.2307_24756349,"evans, james a.",3,NA,NA,NA,0000-0002-4080-8077
journal-article-10.2307_24756400,"goldstein, joshua r.",1,NA,NA,NA,NA
journal-article-10.2307_24756400,"stecklov, guy",2,NA,NA,NA,0000-0001-7831-2731
journal-article-10.2307_24756425,"curington, celeste vaughan",1,NA,NA,NA,NA
journal-article-10.2307_24756425,"lin, ken-hou",2,NA,NA,NA,0000-0002-6811-2821
journal-article-10.2307_24756425,"lin, ken-hou",2,NA,NA,NA,0000-0002-4743-1663
journal-article-10.2307_24756425,"lundquist, jennifer hickes",3,NA,NA,NA,NA
journal-article-10.2307_24756428,"lichter, daniel t.",1,NA,NA,NA,0000-0002-0292-1415
journal-article-10.2307_24756428,"parisi, domenico",2,NA,NA,NA,0000-0002-7755-9115
journal-article-10.2307_24756428,"taquino, michael c.",3,NA,NA,NA,NA
journal-article-10.2307_24758652,"starbuck, william h.",1,NA,NA,NA,NA
journal-article-10.2307_24758661,"barley, stephen r.",1,NA,NA,NA,NA
journal-article-10.2307_24787721,"drew, james",1,NA,NA,NA,0000-0002-2864-7987
journal-article-10.2307_24787732,"bertuca, tony",1,NA,NA,NA,NA
journal-article-10.2307_24788109,"maucione, scott",1,NA,NA,NA,NA
journal-article-10.2307_24788142,"doubleday, justin",1,NA,NA,NA,NA
journal-article-10.2307_24788143,"sherman, jason",1,NA,NA,NA,0000-0002-6686-5993
journal-article-10.2307_24788408,"bertuca, tony",1,NA,NA,NA,NA
journal-article-10.2307_24788409,"albon, courtney",1,NA,NA,NA,NA
journal-article-10.2307_24788410,"albon, courtney",1,NA,NA,NA,NA
journal-article-10.2307_24788478,"sherman, jason",1,NA,NA,NA,0000-0002-6686-5993
journal-article-10.2307_24788524,"mishory, jordana",1,NA,NA,NA,NA
journal-article-10.2307_24788525,"bertuca, tony",1,NA,NA,NA,NA
journal-article-10.2307_24788604,"doubleday, justin",1,NA,NA,NA,NA
journal-article-10.2307_24788605,"hudson, lee",1,NA,NA,NA,0000-0003-0883-8791
journal-article-10.2307_24788616,"maucione, scott",1,NA,NA,NA,NA
journal-article-10.2307_24788720,"bertuca, tony",1,NA,NA,NA,NA
journal-article-10.2307_24788738,"bertuca, tony",1,NA,NA,NA,NA
journal-article-10.2307_24788740,"bertuca, tony",1,NA,NA,NA,NA
journal-article-10.2307_24788996,"mcbride, courtney",1,NA,NA,NA,NA
journal-article-10.2307_24788997,"albon, courtney",1,NA,NA,NA,NA
journal-article-10.2307_24789268,"doubleday, justin",1,NA,NA,NA,NA
journal-article-10.2307_24789279,"bertuca, tony",1,NA,NA,NA,NA
journal-article-10.2307_24789468,"mishory, jordana",1,NA,NA,NA,NA
journal-article-10.2307_24789469,"caporal, jack",1,NA,NA,NA,NA
journal-article-10.2307_24797814,"muñoz, carlo",1,NA,NA,NA,NA
journal-article-10.2307_24797815,"muñoz, carlo",1,NA,NA,NA,NA
journal-article-10.2307_24797816,"ledbetter, titus",1,NA,NA,NA,NA
journal-article-10.2307_24797817,"weisgerber, marcus",1,NA,NA,NA,NA
journal-article-10.2307_24802860,"drew, james",1,NA,NA,NA,0000-0002-2864-7987
journal-article-10.2307_24802861,"albon, courtney",1,NA,NA,NA,NA
journal-article-10.2307_24803197,"drew, james",1,NA,NA,NA,0000-0002-2864-7987
journal-article-10.2307_24803207,"mishory, jordana",1,NA,NA,NA,NA
journal-article-10.2307_24803343,"drew, james",1,NA,NA,NA,0000-0002-2864-7987
journal-article-10.2307_24803345,"drew, james",1,NA,NA,NA,0000-0002-2864-7987
journal-article-10.2307_24803518,"albon, courtney",1,NA,NA,NA,NA
journal-article-10.2307_24803526,"bertuca, tony",1,NA,NA,NA,NA
journal-article-10.2307_24803898,"bertuca, tony",1,NA,NA,NA,NA
journal-article-10.2307_24804091,"albon, courtney",1,NA,NA,NA,NA
journal-article-10.2307_24804100,"bertuca, tony",1,NA,NA,NA,NA
journal-article-10.2307_24804218,"maucione, scott",1,NA,NA,NA,NA
journal-article-10.2307_24804219,"mishory, jordana",1,NA,NA,NA,NA
journal-article-10.2307_24804409,"albon, courtney",1,NA,NA,NA,NA
journal-article-10.2307_24804410,"bertuca, tony",1,NA,NA,NA,NA
journal-article-10.2307_24804416,"mishory, jordana",1,NA,NA,NA,NA
journal-article-10.2307_24804556,"mishory, jordana",1,NA,NA,NA,NA
journal-article-10.2307_24804557,"sherman, jason",1,NA,NA,NA,0000-0002-6686-5993
journal-article-10.2307_24804595,"karas, rachel s.",1,NA,NA,NA,NA
journal-article-10.2307_24805189,"bertuca, tony",1,NA,NA,NA,NA
journal-article-10.2307_24805190,"censer, marjorie",1,NA,NA,NA,NA
journal-article-10.2307_24812006,"weaver, andrew",1,NA,NA,NA,0000-0002-4703-8458
journal-article-10.2307_24812006,"weaver, andrew",1,NA,NA,NA,0000-0002-2278-0517
journal-article-10.2307_24836868,"mishory, jordana",1,NA,NA,NA,NA
journal-article-10.2307_24836869,"sprenger, sebastian",1,NA,NA,NA,NA
journal-article-10.2307_24836931,"bertuca, tony",1,NA,NA,NA,NA
journal-article-10.2307_24836942,"mishory, jordana",1,NA,NA,NA,NA
journal-article-10.2307_24837434,"doubleday, justin",1,NA,NA,NA,NA
journal-article-10.2307_24837435,"mitchell, ellen",1,NA,NA,NA,0000-0002-4485-7757
journal-article-10.2307_24837436,"doubleday, justin",1,NA,NA,NA,NA
journal-article-10.2307_24837437,"mitchell, ellen",1,NA,NA,NA,0000-0002-4485-7757
journal-article-10.2307_24837450,"bertuca, tony",1,NA,NA,NA,NA
journal-article-10.2307_24837651,"doubleday, justin",1,NA,NA,NA,NA
journal-article-10.2307_24837652,"doubleday, justin",1,NA,NA,NA,NA
journal-article-10.2307_24837728,"doubleday, justin",1,NA,NA,NA,NA
journal-article-10.2307_24837731,"mitchell, ellen",1,NA,NA,NA,0000-0002-4485-7757
journal-article-10.2307_24837732,"mitchell, ellen",1,NA,NA,NA,0000-0002-4485-7757
journal-article-10.2307_24837739,"mishory, jordana",1,NA,NA,NA,NA
journal-article-10.2307_24837892,"doubleday, justin",1,NA,NA,NA,NA
journal-article-10.2307_24837905,"bertuca, tony",1,NA,NA,NA,NA
journal-article-10.2307_24837927,"sprenger, sebastian",1,NA,NA,NA,NA
journal-article-10.2307_24837928,"censer, marjorie",1,NA,NA,NA,NA
journal-article-10.2307_24840683,"sprenger, sebastian",1,NA,NA,NA,NA
journal-article-10.2307_24840684,"mcbride, courtney",1,NA,NA,NA,NA
journal-article-10.2307_24840701,"sprenger, sebastian",1,NA,NA,NA,NA
journal-article-10.2307_24840721,"mcbride, courtney",1,NA,NA,NA,NA
journal-article-10.2307_24840723,"bertuca, tony",1,NA,NA,NA,NA
journal-article-10.2307_24840737,"mcbride, courtney",1,NA,NA,NA,NA
journal-article-10.2307_24840743,"mcbride, courtney",1,NA,NA,NA,NA
journal-article-10.2307_24840745,"mcbride, courtney",1,NA,NA,NA,NA
journal-article-10.2307_24840856,"bertuca, tony",1,NA,NA,NA,NA
journal-article-10.2307_24840857,"bertuca, tony",1,NA,NA,NA,NA
journal-article-10.2307_24841058,"censer, marjorie",1,NA,NA,NA,NA
journal-article-10.2307_24841059,"mishory, jordana",1,NA,NA,NA,NA
journal-article-10.2307_24841079,"mcbride, courtney",1,NA,NA,NA,NA
journal-article-10.2307_24841089,"bertuca, tony",1,NA,NA,NA,NA
journal-article-10.2307_24841173,"mcbride, courtney",1,NA,NA,NA,NA
journal-article-10.2307_24841175,"bertuca, tony",1,NA,NA,NA,NA
journal-article-10.2307_24841359,"bertuca, tony",1,NA,NA,NA,NA
journal-article-10.2307_24841360,"mcbride, courtney",1,NA,NA,NA,NA
journal-article-10.2307_24841370,"sprenger, sebastian",1,NA,NA,NA,NA
journal-article-10.2307_24841371,"sprenger, sebastian",1,NA,NA,NA,NA
journal-article-10.2307_24841387,"bertuca, tony",1,NA,NA,NA,NA
journal-article-10.2307_24841611,"mishory, jordana",1,NA,NA,NA,NA
journal-article-10.2307_24841614,"sherman, jason",1,NA,NA,NA,0000-0002-6686-5993
journal-article-10.2307_24841630,"mcbride, courtney",1,NA,NA,NA,NA
journal-article-10.2307_24841631,"sprenger, sebastian",1,NA,NA,NA,NA
journal-article-10.2307_24841657,"sprenger, sebastian",1,NA,NA,NA,NA
journal-article-10.2307_24841709,"mitchell, ellen",1,NA,NA,NA,0000-0002-4485-7757
journal-article-10.2307_24841711,"mitchell, ellen",1,NA,NA,NA,0000-0002-4485-7757
journal-article-10.2307_24841713,"sherman, jason",1,NA,NA,NA,0000-0002-6686-5993
journal-article-10.2307_24841715,"sprenger, sebastian",1,NA,NA,NA,NA
journal-article-10.2307_24841740,"mcbride, courtney",1,NA,NA,NA,NA
journal-article-10.2307_24841742,"mcbride, courtney",1,NA,NA,NA,NA
journal-article-10.2307_24841744,"bertuca, tony",1,NA,NA,NA,NA
journal-article-10.2307_24841744,"censer, marjorie",2,NA,NA,NA,NA
journal-article-10.2307_24841746,"mcbride, courtney",1,NA,NA,NA,NA
journal-article-10.2307_24841805,"mishory, jordana",1,NA,NA,NA,NA
journal-article-10.2307_24841806,"mishory, jordana",1,NA,NA,NA,NA
journal-article-10.2307_24841849,"bertuca, tony",1,NA,NA,NA,NA
journal-article-10.2307_24841850,"censer, marjorie",1,NA,NA,NA,NA
journal-article-10.2307_24847569,"hudson, lee",1,NA,NA,NA,0000-0003-0883-8791
journal-article-10.2307_24847570,"sherman, jason",1,NA,NA,NA,0000-0002-6686-5993
journal-article-10.2307_24847571,"castelli, christopher j.",1,NA,NA,NA,NA
journal-article-10.2307_24849445,"eckstein, megan",1,NA,NA,NA,0000-0001-8310-5032
journal-article-10.2307_24849466,"mishory, jordana",1,NA,NA,NA,NA
journal-article-10.2307_24850571,"eckstein, megan",1,NA,NA,NA,0000-0001-8310-5032
journal-article-10.2307_24850572,"belogolova, olga",1,NA,NA,NA,NA
journal-article-10.2307_24851491,"hudson, lee",1,NA,NA,NA,0000-0003-0883-8791
journal-article-10.2307_24851492,"seligman, lara",1,NA,NA,NA,NA
journal-article-10.2307_24851501,"hudson, lee",1,NA,NA,NA,0000-0003-0883-8791
journal-article-10.2307_24851502,"seligman, lara",1,NA,NA,NA,NA
journal-article-10.2307_24851503,"seligman, lara",1,NA,NA,NA,NA
journal-article-10.2307_24851504,"hudson, lee",1,NA,NA,NA,0000-0003-0883-8791
journal-article-10.2307_24851521,"seligman, lara",1,NA,NA,NA,NA
journal-article-10.2307_24851522,"seligman, lara",1,NA,NA,NA,NA
journal-article-10.2307_24851526,"albon, courtney",1,NA,NA,NA,NA
journal-article-10.2307_24851527,"mishory, jordana",1,NA,NA,NA,NA
journal-article-10.2307_24851616,"hudson, lee",1,NA,NA,NA,0000-0003-0883-8791
journal-article-10.2307_24851617,"seligman, lara",1,NA,NA,NA,NA
journal-article-10.2307_24851734,"seligman, lara",1,NA,NA,NA,NA
journal-article-10.2307_24851736,"bertuca, tony",1,NA,NA,NA,NA
journal-article-10.2307_24852510,"hudson, lee",1,NA,NA,NA,0000-0003-0883-8791
journal-article-10.2307_24852525,"bertuca, tony",1,NA,NA,NA,NA
journal-article-10.2307_24852621,"mishory, jordana",1,NA,NA,NA,NA
journal-article-10.2307_24852622,"mcbride, courtney",1,NA,NA,NA,NA
journal-article-10.2307_24852694,"bertuca, tony",1,NA,NA,NA,NA
journal-article-10.2307_24852743,"doubleday, justin",1,NA,NA,NA,NA
journal-article-10.2307_24852761,"mishory, jordana",1,NA,NA,NA,NA
journal-article-10.2307_24852763,"mishory, jordana",1,NA,NA,NA,NA
journal-article-10.2307_24852766,"mishory, jordana",1,NA,NA,NA,NA
journal-article-10.2307_24852768,"sherman, jason",1,NA,NA,NA,0000-0002-6686-5993
journal-article-10.2307_24852827,"hudson, lee",1,NA,NA,NA,0000-0003-0883-8791
journal-article-10.2307_24852827,"albon, courtney",2,NA,NA,NA,NA
journal-article-10.2307_24852842,"bertuca, tony",1,NA,NA,NA,NA
journal-article-10.2307_24853040,"doubleday, justin",1,NA,NA,NA,NA
journal-article-10.2307_24853055,"mishory, jordana",1,NA,NA,NA,NA
journal-article-10.2307_24853057,"mishory, jordana",1,NA,NA,NA,NA
journal-article-10.2307_24853532,"drew, james",1,NA,NA,NA,0000-0002-2864-7987
journal-article-10.2307_24853533,"bertuca, tony",1,NA,NA,NA,NA
journal-article-10.2307_24854004,"doubleday, justin",1,NA,NA,NA,NA
journal-article-10.2307_24854014,"mcbride, courtney",1,NA,NA,NA,NA
journal-article-10.2307_24854358,"bertuca, tony",1,NA,NA,NA,NA
journal-article-10.2307_24854382,"censer, marjorie",1,NA,NA,NA,NA
journal-article-10.2307_24854384,"mishory, jordana",1,NA,NA,NA,NA
journal-article-10.2307_24876577,"sherman, jason",1,NA,NA,NA,0000-0002-6686-5993
journal-article-10.2307_24876796,"karas, rachel s.",1,NA,NA,NA,NA
journal-article-10.2307_24876808,"sherman, jason",1,NA,NA,NA,0000-0002-6686-5993
journal-article-10.2307_24876956,"lee, connie",1,NA,NA,NA,0000-0002-1969-3738
journal-article-10.2307_24876968,"sherman, jason",1,NA,NA,NA,0000-0002-6686-5993
journal-article-10.2307_24877622,"hersh, eitan d.",1,NA,NA,NA,NA
journal-article-10.2307_24877622,"nall, clayton",2,NA,NA,NA,0000-0001-5312-9607
journal-article-10.2307_24877697,"babar, ali",1,NA,NA,NA,0000-0002-0397-3268
journal-article-10.2307_24877790,"klinken, peter",1,NA,NA,NA,NA
journal-article-10.2307_24877798,"o'kane, mary",1,NA,NA,NA,0000-0003-3182-3862
journal-article-10.2307_24878707,"laurison, daniel",1,NA,NA,NA,0000-0001-8221-0535
journal-article-10.2307_24878711,"motro, joanna",1,NA,NA,NA,NA
journal-article-10.2307_24878711,"vanneman, reeve",2,NA,NA,NA,NA
journal-article-10.2307_24878800,"rothman, barbara katz",1,NA,NA,NA,NA
journal-article-10.2307_24887560,"medina, veronica e.",1,NA,NA,NA,NA
journal-article-10.2307_24890283,"roy, souvanic",1,NA,NA,NA,0000-0001-6667-8429
journal-article-10.2307_24899037,"wajcman, judy",1,NA,NA,NA,NA
journal-article-10.2307_26159805,"parigi, paolo",1,NA,NA,NA,NA
journal-article-10.2307_26159805,"santana, jessica j.",2,NA,NA,NA,NA
journal-article-10.2307_26159805,"cook, karen s.",3,NA,NA,NA,0000-0003-0867-5443
journal-article-10.2307_26159805,"cook, karen s.",3,NA,NA,NA,0000-0003-1064-0637
journal-article-10.2307_26160698,"cornforth, chris",1,NA,NA,NA,NA
journal-article-10.2307_26165459,"ciaglia, sarah",1,NA,NA,NA,NA
journal-article-10.2307_26165494,"ciaglia, sarah",1,NA,NA,NA,NA
journal-article-10.2307_26179358,"herrmann, peter",1,NA,NA,NA,0000-0003-3830-466X
journal-article-10.2307_26201960,"middleton, gordon r.",1,NA,NA,NA,NA
journal-article-10.2307_26201974,"keefe, joe",1,NA,NA,NA,NA
journal-article-10.2307_26202022,"regian, j. wesley",1,NA,NA,NA,NA
journal-article-10.2307_26202065,"lowenthal, mark m.",1,NA,NA,NA,NA
journal-article-10.2307_26202097,"spracher, bill",1,NA,NA,NA,NA
journal-article-10.2307_26202099,"reilly, brant c.",1,NA,NA,NA,NA
journal-article-10.2307_26202109,"green, ronzelle l.",1,NA,NA,NA,NA
journal-article-10.2307_26202111,"hoven, john",1,NA,NA,NA,NA
journal-article-10.2307_26202111,"lawton, joel",2,NA,NA,NA,NA
journal-article-10.2307_26202114,"richey, melonie k.",1,NA,NA,NA,NA
journal-article-10.2307_26202160,"spracher, bill",1,NA,NA,NA,NA
journal-article-10.2307_26202160,"bailey, chris",2,NA,NA,NA,0000-0002-1602-8396
journal-article-10.2307_26202161,"oleson, peter c.",1,NA,NA,NA,NA
journal-article-10.2307_26202161,"cothron, tony",2,NA,NA,NA,NA
journal-article-10.2307_26202162,"lawrence, james l.",1,NA,NA,NA,NA
journal-article-10.2307_26202166,"galantonu, dumitrina",1,NA,NA,NA,NA
journal-article-10.2307_26204947,"moore, amelia",1,NA,NA,NA,0000-0003-3940-4515
journal-article-10.2307_26204953,"hare, lizzy",1,NA,NA,NA,NA
journal-article-10.2307_26270605,"stytz, martin r.",1,NA,NA,NA,NA
journal-article-10.2307_26270605,"banks, sheila b.",2,NA,NA,NA,NA
journal-article-10.2307_26270616,"carafano, james jay",1,NA,NA,NA,NA
journal-article-10.2307_26270619,"harrison, todd",1,NA,NA,NA,NA
journal-article-10.2307_26271491,"moreno, jonathan d.",1,NA,NA,NA,NA
journal-article-10.2307_26271574,"chow, brian g.",1,NA,NA,NA,NA
journal-article-10.2307_26271590,"libicki, martin c.",1,NA,NA,NA,NA
journal-article-10.2307_26271632,"scharre, paul",1,NA,NA,NA,NA
journal-article-10.2307_26271634,"prier, jarred",1,NA,NA,NA,NA
journal-article-10.2307_26292280,"amoore, louise",1,NA,NA,NA,0000-0001-6728-8553
journal-article-10.2307_26292283,"bonelli, laurent",1,NA,NA,NA,NA
journal-article-10.2307_26292283,"ragazzi, francesco",2,NA,NA,NA,0000-0002-8240-3158
journal-article-10.2307_26292284,"leese, matthias",1,NA,NA,NA,0000-0002-7153-7783
journal-article-10.2307_26292341,"bigo, didier",1,NA,NA,NA,0000-0002-1908-6532
journal-article-10.2307_26302441,"adey, peter",1,NA,NA,NA,0000-0001-6807-4282
journal-article-10.2307_26302441,"anderson, ben",2,NA,NA,NA,0000-0003-3532-0058
journal-article-10.2307_26378220,"trivellato, francesca",1,NA,NA,NA,NA
journal-article-10.2307_26378573,"regier, terry",1,NA,NA,NA,0000-0003-0808-5208
journal-article-10.2307_26379522,"nyhan, brendan",1,NA,NA,NA,0000-0001-7497-1799
journal-article-10.2307_26379522,"skovron, christopher",2,NA,NA,NA,0000-0002-9521-5260
journal-article-10.2307_26379522,"titiunik, rocío",3,NA,NA,NA,NA
journal-article-10.2307_26380492,"mingye, li",1,NA,NA,NA,NA
journal-article-10.2307_26380518,"siddivò, marisa",1,NA,NA,NA,NA
journal-article-10.2307_26380533,"yu, haiqing",1,NA,NA,NA,0000-0002-6497-4133
journal-article-10.2307_26380534,"loubere, nicholas",1,NA,NA,NA,0000-0002-2386-5643
journal-article-10.2307_26380535,"sun, ping",1,NA,NA,NA,0000-0002-7518-8306
journal-article-10.2307_26382026,"baur, nina",1,NA,NA,NA,0000-0002-6626-1997
journal-article-10.2307_26382026,"toepoel, vera",2,NA,NA,NA,0000-0001-7315-6311
journal-article-10.2307_26382026,"van der vaart, wander",3,NA,NA,NA,0000-0003-0537-0089
journal-article-10.2307_26382026,"sala, emanuela",4,NA,NA,NA,0000-0002-4213-3173
journal-article-10.2307_26382026,"van meter, karl m.",5,NA,NA,NA,NA
journal-article-10.2307_26382026,"goodwin, john",6,NA,NA,NA,0000-0002-2044-1861
journal-article-10.2307_26382026,"durand, claire",7,NA,NA,NA,0000-0003-0340-4660
journal-article-10.2307_26382026,"weichbold, martin",8,NA,NA,NA,NA
journal-article-10.2307_26382026,"wagner, claire",9,NA,NA,NA,0000-0002-5886-4130
journal-article-10.2307_26382026,"liao, pei-shan",10,NA,NA,NA,0000-0001-9809-7418
journal-article-10.2307_26382026,"liao, pei-shan",10,NA,NA,NA,0000-0003-1291-2368
journal-article-10.2307_26382026,"liao, pei-shan",10,NA,NA,NA,0000-0001-6496-8852
journal-article-10.2307_26382026,"liao, pei-shan",10,NA,NA,NA,0000-0002-0969-0250
journal-article-10.2307_26382026,"liao, pei-shan",10,NA,NA,NA,0000-0003-4807-5805
journal-article-10.2307_26382026,"onaka, fumiya",11,NA,NA,NA,0000-0002-4827-409X
journal-article-10.2307_26382026,"andrade, adriana garcía",12,NA,NA,NA,NA
journal-article-10.2307_26382026,"deshmukh, yashwant",13,NA,NA,NA,NA
journal-article-10.2307_26382026,"manfreda, katja lozar",14,NA,NA,NA,NA
journal-article-10.2307_26382881,"healy, kieran",1,NA,NA,NA,0000-0001-9114-981X
journal-article-10.2307_26384745,"beauchamp, nicholas",1,NA,NA,NA,NA
journal-article-10.2307_26384897,"croicu, mihai",1,NA,NA,NA,0000-0002-5372-7129
journal-article-10.2307_26384897,"kreutz, joakim",2,NA,NA,NA,0000-0003-0650-2127
journal-article-10.2307_26386324,"kalantzis-cope, phillip",1,NA,NA,NA,0000-0001-6256-052X
journal-article-10.2307_26395922,"kemp, katharine",1,NA,NA,NA,0000-0002-7269-5329
journal-article-10.2307_26395922,"buckley, ross p.",2,NA,NA,NA,0000-0001-5152-7759
journal-article-10.2307_26395923,"arner, douglas w.",1,NA,NA,NA,NA
journal-article-10.2307_26395923,"zetzsche, dirk a.",2,NA,NA,NA,NA
journal-article-10.2307_26395923,"buckley, ross p.",3,NA,NA,NA,0000-0001-5152-7759
journal-article-10.2307_26395923,"barberis, janos n.",4,NA,NA,NA,NA
journal-article-10.2307_26395933,"dorn, walter",1,NA,NA,NA,0000-0002-2601-2937
journal-article-10.2307_26395935,"basso, bruno",1,NA,NA,NA,0000-0001-5331-6787
journal-article-10.2307_26395935,"dobrowolski, james",2,NA,NA,NA,0000-0001-5389-3912
journal-article-10.2307_26395935,"mckay, channing",3,NA,NA,NA,NA
journal-article-10.2307_26395978,"visner, samuel sanders",1,NA,NA,NA,NA
journal-article-10.2307_26396270,"emden, christian j.",1,NA,NA,NA,NA
journal-article-10.2307_26405736,"werth, robert",1,NA,NA,NA,0000-0002-9697-1914
journal-article-10.2307_26405736,"ballestero, andrea",2,NA,NA,NA,0000-0001-7692-0514
journal-article-10.2307_26405737,"williams, kaya naomi",1,NA,NA,NA,NA
journal-article-10.2307_26413316,"van dongen, teun",1,NA,NA,NA,0000-0001-7450-8737
journal-article-10.2307_26419963,"taub, jennifer",1,NA,NA,NA,0000-0002-4359-6727
journal-article-10.2307_26425193,"jutel, annemarie",1,NA,NA,NA,0000-0001-7131-3838
journal-article-10.2307_26425212,"voicu, bogdan",1,NA,NA,NA,0000-0003-0748-7678
journal-article-10.2307_26425212,"voicu, bogdan",1,NA,NA,NA,0000-0002-2221-2499
journal-article-10.2307_26425246,"madsen, richard",1,NA,NA,NA,0000-0003-3445-517X
journal-article-10.2307_26425720,"baumann, shyon",1,NA,NA,NA,0000-0002-1058-2505
journal-article-10.2307_26426365,"reeves, aaron",1,NA,NA,NA,0000-0001-9114-965X
journal-article-10.2307_26426365,"friedman, sam",2,NA,NA,NA,0000-0003-4375-9650
journal-article-10.2307_26426365,"rahal, charles",3,NA,NA,NA,0000-0002-1764-2697
journal-article-10.2307_26426365,"flemmen, magne",4,NA,NA,NA,0000-0002-2273-3913
journal-article-10.2307_26426367,"bail, christopher a.",1,NA,NA,NA,NA
journal-article-10.2307_26426367,"brown, taylor w.",2,NA,NA,NA,NA
journal-article-10.2307_26426367,"mann, marcus",3,NA,NA,NA,0000-0003-0940-7811
journal-article-10.2307_26426410,"fligstein, neil",1,NA,NA,NA,0000-0002-7049-6502
journal-article-10.2307_26426410,"brundage, jonah stuart",2,NA,NA,NA,NA
journal-article-10.2307_26426410,"schultz, michael",3,NA,NA,NA,0000-0001-9131-4096
journal-article-10.2307_26426410,"schultz, michael",3,NA,NA,NA,0000-0002-6741-4115
journal-article-10.2307_26426411,"askin, noah",1,NA,NA,NA,0000-0003-3935-1484
journal-article-10.2307_26426411,"mauskapf, michael",2,NA,NA,NA,0000-0001-6476-5115
journal-article-10.2307_26426413,"brayne, sarah",1,NA,NA,NA,NA
journal-article-10.2307_26427268,"young, chris",1,NA,NA,NA,0000-0001-8793-6837
journal-article-10.2307_26427269,"hazelwood, dan",1,NA,NA,NA,NA
journal-article-10.2307_26429058,"alwin, duane f.",1,NA,NA,NA,NA
journal-article-10.2307_26430813,"grieco, kelly a.",1,NA,NA,NA,0000-0001-8043-0251
journal-article-10.2307_26450038,"barlow-stewart, kristine",1,NA,NA,NA,0000-0003-1831-9944
journal-article-10.2307_26450190,"rogers, zac",1,NA,NA,NA,0000-0001-6832-689X
journal-article-10.2307_26457765,"wu, yejun",1,NA,NA,NA,0000-0003-0134-0333
journal-article-10.2307_26465232,"rogers, ann",1,NA,NA,NA,0000-0001-9943-0470
journal-article-10.2307_26465290,"coulthart, stephen",1,NA,NA,NA,0000-0001-9722-9378
journal-article-10.2307_26465290,"crosston, matthew",2,NA,NA,NA,0000-0003-4751-1345
journal-article-10.2307_26465292,"middleton, gordon r.",1,NA,NA,NA,NA
journal-article-10.2307_26465298,"roche, edward m.",1,NA,NA,NA,NA
journal-article-10.2307_26465298,"blaine, michael j.",2,NA,NA,NA,NA
journal-article-10.2307_26465298,"mccreary, john",3,NA,NA,NA,0000-0002-8390-2127
journal-article-10.2307_26466778,"landon-murray, michael",1,NA,NA,NA,NA
journal-article-10.2307_26466893,"marcellino, william m.",1,NA,NA,NA,NA
journal-article-10.2307_26466893,"cragin, kim",2,NA,NA,NA,NA
journal-article-10.2307_26466893,"mendelsohn, joshua",3,NA,NA,NA,0000-0001-8500-1683
journal-article-10.2307_26466893,"cady, andrew micahel",4,NA,NA,NA,NA
journal-article-10.2307_26466893,"magnuson, madeline",5,NA,NA,NA,NA
journal-article-10.2307_26466893,"reedy, kathleen",6,NA,NA,NA,NA
journal-article-10.2307_26469824,"omand, david",1,NA,NA,NA,NA
journal-article-10.2307_26470378,"ho, peter",1,NA,NA,NA,0000-0002-5834-0628
journal-article-10.2307_26470378,"ho, peter",1,NA,NA,NA,0000-0003-4962-6808
journal-article-10.2307_26470378,"kuah, adrian w. j.",2,NA,NA,NA,NA
journal-article-10.2307_26470410,"barton, rick",1,NA,NA,NA,NA
journal-article-10.2307_26470513,"selva, paul j.",1,NA,NA,NA,NA
journal-article-10.2307_26470516,"mcdew, darren",1,NA,NA,NA,NA
journal-article-10.2307_26470517,"rybeck, charles",1,NA,NA,NA,NA
journal-article-10.2307_26470517,"cornwell, lanny",2,NA,NA,NA,NA
journal-article-10.2307_26470517,"sagan, philip",3,NA,NA,NA,NA
journal-article-10.2307_26470518,"disparte, dante",1,NA,NA,NA,NA
journal-article-10.2307_26470525,"garber, larry",1,NA,NA,NA,0000-0002-8686-2853
journal-article-10.2307_26481829,"de leon, ricardo f.",1,NA,NA,NA,NA
journal-article-10.2307_26481829,"rufo, marlon v.",2,NA,NA,NA,NA
journal-article-10.2307_26481829,"pablo, mark davis m.",3,NA,NA,NA,NA
journal-article-10.2307_26482979,"schmid, alex p.",1,NA,NA,NA,NA
journal-article-10.2307_26482979,"forest, james j.",2,NA,NA,NA,NA
journal-article-10.2307_26482995,"tinnes, judith",1,NA,NA,NA,NA
journal-article-10.2307_26482997,"jongman, berto",1,NA,NA,NA,NA
journal-article-10.2307_26487782,"sacasas, l. m.",1,NA,NA,NA,NA
journal-article-10.2307_26494339,"ünver, h. akın",1,NA,NA,NA,NA
journal-article-10.2307_26494364,"motupalli, venkat",1,NA,NA,NA,NA
journal-article-10.2307_26494368,"unver, h. akin",1,NA,NA,NA,0000-0002-6932-8325
journal-article-10.2307_26494370,"del valle ruiz, álvaro gómez",1,NA,NA,NA,NA
journal-article-10.2307_26497111,"deppa, catherine s.",1,NA,NA,NA,NA
journal-article-10.2307_26497114,"softness, nicole a.",1,NA,NA,NA,NA
journal-article-10.2307_26497128,"opstal, daniel w.",1,NA,NA,NA,NA
journal-article-10.2307_26508115,"bradshaw, samantha",1,NA,NA,NA,0000-0001-5305-369X
journal-article-10.2307_26508115,"howard, philip n.",2,NA,NA,NA,0000-0003-3380-821X
journal-article-10.2307_26508116,"guilbeault, douglas",1,NA,NA,NA,0000-0002-0177-3027
journal-article-10.2307_26510624,"baxter, davin j.",1,NA,NA,NA,0000-0002-1789-3605
journal-article-10.2307_26515468,"bergema, reinier",1,NA,NA,NA,NA
journal-article-10.2307_26531927,"lee, francis l. f.",1,NA,NA,NA,0000-0003-1587-4950
journal-article-10.2307_26532695,"sanovich, sergey",1,NA,NA,NA,0000-0003-4897-5264
journal-article-10.2307_26532695,"stukal, denis",2,NA,NA,NA,0000-0001-6240-5714
journal-article-10.2307_26532695,"tucker, joshua a.",3,NA,NA,NA,0000-0003-1321-8650
journal-article-10.2307_26532993,"carrozza, chiara",1,NA,NA,NA,0000-0002-4692-3332
journal-article-10.2307_26533617,"haffa, robert p.",1,NA,NA,NA,NA
journal-article-10.2307_26533634,"fotia, giorgio",1,NA,NA,NA,0000-0002-6445-3872
journal-article-10.2307_26544652,"bergema, reinier",1,NA,NA,NA,NA
journal-article-10.2307_26552328,"ganesh, bharath",1,NA,NA,NA,0000-0002-6544-5727
journal-article-10.2307_26555040,"babones, salvatore",1,NA,NA,NA,0000-0002-8777-5727
journal-article-10.2307_26555816,"ryan, louise",1,NA,NA,NA,0000-0002-6876-677X
journal-article-10.2307_26555816,"ryan, louise",1,NA,NA,NA,0000-0001-9345-8050
journal-article-10.2307_26555816,"maxwell, claire",2,NA,NA,NA,0000-0002-1266-8011
journal-article-10.2307_26556369,"meer, nasar",1,NA,NA,NA,0000-0002-3042-095X
journal-article-10.2307_26556369,"leonard, pauline",2,NA,NA,NA,0000-0001-6079-7347
journal-article-10.2307_26556369,"taylor, steve",3,NA,NA,NA,0000-0001-7696-7064
journal-article-10.2307_26556369,"taylor, steve",3,NA,NA,NA,0000-0003-2332-3657
journal-article-10.2307_26556369,"o’connor, henrietta",4,NA,NA,NA,NA
journal-article-10.2307_26556369,"offer, john",5,NA,NA,NA,0000-0002-2437-3309
journal-article-10.2307_26556371,"frade, carlos",1,NA,NA,NA,0000-0002-7655-8858
journal-article-10.2307_26556375,"mcrobbie, angela",1,NA,NA,NA,NA
journal-article-10.2307_26556383,"meer, nasar",1,NA,NA,NA,0000-0002-3042-095X
journal-article-10.2307_26556383,"lamont, michèle",2,NA,NA,NA,NA
journal-article-10.2307_26556384,"meer, nasar",1,NA,NA,NA,0000-0002-3042-095X
journal-article-10.2307_26556384,"back, les",2,NA,NA,NA,0000-0001-6057-0599
journal-article-10.2307_26566422,"knoll, lisa",1,NA,NA,NA,0000-0002-1353-7443
journal-article-10.2307_26566422,"knoll, lisa",1,NA,NA,NA,0000-0003-1177-5760
journal-article-10.2307_26566422,"knoll, lisa",1,NA,NA,NA,0000-0001-7164-061X
journal-article-10.2307_26583596,"ceyhan, ayse alyzée",1,NA,NA,NA,NA
journal-article-10.2307_26588336,"janow, merit e.",1,NA,NA,NA,NA
journal-article-10.2307_26588344,"pollitzer, elizabeth",1,NA,NA,NA,0000-0002-9608-5517
journal-article-10.2307_26588346,"chou, shuo-yan",1,NA,NA,NA,0000-0002-7398-0375
journal-article-10.2307_26588346,"chou, shuo-yan",1,NA,NA,NA,0000-0003-2339-8026
journal-article-10.2307_26588349,"song, schoni",1,NA,NA,NA,NA
journal-article-10.2307_26588350,"naudé, wim",1,NA,NA,NA,0000-0003-2496-6945
journal-article-10.2307_26590531,"scrivens, ryan",1,NA,NA,NA,0000-0001-7432-7370
journal-article-10.2307_26593335,"scharpf, adam",1,NA,NA,NA,0000-0001-6665-9025
journal-article-10.2307_26593335,"schneider, gerald",2,NA,NA,NA,0000-0003-3122-7948
journal-article-10.2307_26593335,"nöh, anna",3,NA,NA,NA,NA
journal-article-10.2307_26593335,"clauset, aaron",4,NA,NA,NA,0000-0002-3529-8746
journal-article-10.2307_26593742,"yorke, claire",1,NA,NA,NA,0000-0003-2446-5518
journal-article-10.2307_26593799,"pouliot, vincent",1,NA,NA,NA,0000-0002-5113-9956
journal-article-10.2307_26593816,"neal, andrew w.",1,NA,NA,NA,NA
journal-article-10.2307_26598772,"kogan, vladimir",1,NA,NA,NA,0000-0001-8329-2691
journal-article-10.2307_26598772,"lavertu, stéphane",2,NA,NA,NA,NA
journal-article-10.2307_26598772,"peskowitz, zachary",3,NA,NA,NA,0000-0001-8765-4573
journal-article-10.2307_26598778,"montgomery, jacob m.",1,NA,NA,NA,NA
journal-article-10.2307_26598778,"olivella, santiago",2,NA,NA,NA,0000-0002-8654-5938
journal-article-10.2307_26600626,"huhe, narisong",1,NA,NA,NA,0000-0002-0875-3029
journal-article-10.2307_26600626,"tang, min",2,NA,NA,NA,0000-0001-6933-4007
journal-article-10.2307_26600626,"chen, jie",3,NA,NA,NA,0000-0002-2539-8305
journal-article-10.2307_26600626,"chen, jie",3,NA,NA,NA,0000-0002-7183-0904
journal-article-10.2307_26600626,"chen, jie",3,NA,NA,NA,0000-0002-0992-2410
journal-article-10.2307_26604897,"bartl, walter",1,NA,NA,NA,0000-0002-1865-4980
journal-article-10.2307_26604897,"papilloud, christian",2,NA,NA,NA,NA
journal-article-10.2307_26604897,"terracher-lipinski, audrey",3,NA,NA,NA,NA
journal-article-10.2307_26604898,"thévenot, laurent",1,NA,NA,NA,0000-0002-4317-0419
journal-article-10.2307_26604899,"diaz-bone, rainer",1,NA,NA,NA,0000-0001-8831-3738
journal-article-10.2307_26604908,"lepenies, philipp",1,NA,NA,NA,NA
journal-article-10.2307_26605181,"finkel, alan",1,NA,NA,NA,0000-0002-5043-4806
journal-article-10.2307_26609098,"askonas, jon",1,NA,NA,NA,NA
journal-article-10.2307_26609115,"sacasas, l. m.",1,NA,NA,NA,NA
journal-article-10.2307_26618038,"berger, jonah",1,NA,NA,NA,0000-0002-2669-8211
journal-article-10.2307_26626869,"tinnes, judith",1,NA,NA,NA,NA
journal-article-10.2307_26639655,"ahl, björn",1,NA,NA,NA,0000-0002-9195-4437
journal-article-10.2307_26639655,"cai, lidong",2,NA,NA,NA,NA
journal-article-10.2307_26639655,"xi, chao",3,NA,NA,NA,0000-0003-3133-142X
journal-article-10.2307_26639656,"tang, yingmao",1,NA,NA,NA,NA
journal-article-10.2307_26639656,"liu, john zhuang",2,NA,NA,NA,0000-0002-9106-0214
journal-article-10.2307_26639658,"yang, fan",1,NA,NA,NA,0000-0002-9448-4231
journal-article-10.2307_26639659,"cai, lidong",1,NA,NA,NA,NA
journal-article-10.2307_26639659,"qi, yingcheng",2,NA,NA,NA,NA
journal-article-10.2307_26639661,"lin, xifen",1,NA,NA,NA,0000-0003-2818-8378
journal-article-10.2307_26639661,"ma, yong",2,NA,NA,NA,0000-0001-9980-9181
journal-article-10.2307_26639661,"gu, zihui",3,NA,NA,NA,NA
journal-article-10.2307_26639674,"may, timothy j.",1,NA,NA,NA,NA
journal-article-10.2307_26650773,"madurapperuma, buddhika",1,NA,NA,NA,0000-0003-2786-4477
journal-article-10.2307_26650773,"barger, jess",2,NA,NA,NA,NA
journal-article-10.2307_26650773,"collin, melissa",3,NA,NA,NA,NA
journal-article-10.2307_26650773,"emerson, christine",4,NA,NA,NA,0000-0002-6817-6657
journal-article-10.2307_26650773,"fleming, sean",5,NA,NA,NA,0000-0003-4785-0718
journal-article-10.2307_26650773,"murphy, brian",6,NA,NA,NA,0000-0001-5235-3148
journal-article-10.2307_26650776,"perdue, nicholas",1,NA,NA,NA,0000-0002-5631-8515
journal-article-10.2307_26661561,"brockington, dan",1,NA,NA,NA,0000-0001-5692-0154
journal-article-10.2307_26661563,"miller, daniel c.",1,NA,NA,NA,0000-0001-5927-4397
journal-article-10.2307_26661563,"rana, pushpendra",2,NA,NA,NA,0000-0001-8626-3351
journal-article-10.2307_26661563,"wahlén, catherine benson",3,NA,NA,NA,NA
journal-article-10.2307_26663261,"matečić, ingeborg",1,NA,NA,NA,0000-0002-1812-8446
journal-article-10.2307_26681911,"tinnes, judith",1,NA,NA,NA,NA
journal-article-10.2307_26681976,"jongman, berto",1,NA,NA,NA,NA
journal-article-10.2307_26687172,"rogers, zac",1,NA,NA,NA,0000-0001-6832-689X
journal-article-10.2307_26687173,"graham, caroline",1,NA,NA,NA,0000-0003-1708-0361
journal-article-10.2307_26687174,"maddox, graham",1,NA,NA,NA,0000-0003-1722-8186
journal-article-10.2307_26687174,"battin, tim",2,NA,NA,NA,0000-0003-4076-6011
journal-article-10.2307_26726522,"krachler, nick",1,NA,NA,NA,0000-0001-8424-9863
journal-article-10.2307_26727047,"park, myoungkyu",1,NA,NA,NA,0000-0002-0500-396X
journal-article-10.2307_26756704,"schmid, alex p.",1,NA,NA,NA,NA
journal-article-10.2307_26760517,"askonas, jon",1,NA,NA,NA,NA
journal-article-10.2307_26775173,"efstathiou, sophia",1,NA,NA,NA,0000-0001-7074-3043
journal-article-10.2307_26775173,"nydal, rune",2,NA,NA,NA,0000-0003-3159-7228
journal-article-10.2307_26775173,"lægreid, astrid",3,NA,NA,NA,0000-0002-3941-4257
journal-article-10.2307_26775173,"kuiper, martin",4,NA,NA,NA,0000-0002-1171-9876
journal-article-10.2307_26775174,"politi, vincenzo",1,NA,NA,NA,0000-0002-5753-3196
journal-article-10.2307_26775814,"davis, brigit",1,NA,NA,NA,0000-0003-4788-2306
journal-article-10.2307_26781234,"cooke, thomas n.",1,NA,NA,NA,0000-0003-1025-9975
journal-article-10.2307_26783835,"jo, wonkwang",1,NA,NA,NA,0000-0003-0443-2591
journal-article-10.2307_26783836,"kim, yeunchul",1,NA,NA,NA,0000-0002-6785-1032
journal-article-10.2307_26802337,"massey, giulia",1,NA,NA,NA,NA
journal-article-10.2307_26802337,"kliestikova, jana",2,NA,NA,NA,NA
journal-article-10.2307_26802337,"kovacova, maria",3,NA,NA,NA,0000-0003-2081-6835
journal-article-10.2307_26802337,"dengov, victor v.",4,NA,NA,NA,0000-0002-4665-0362
journal-article-10.2307_26803234,"davis, zachary",1,NA,NA,NA,0000-0002-8379-3135
journal-article-10.2307_26803986,"ionescu, luminița",1,NA,NA,NA,NA
journal-article-10.2307_26805966,"peters, michael a.",1,NA,NA,NA,0000-0002-1482-2975
journal-article-10.2307_26805966,"besley, tina",2,NA,NA,NA,0000-0002-4377-1257
journal-article-10.2307_26805981,"ionescu, luminița",1,NA,NA,NA,NA
journal-article-10.2307_26805982,"kearney, harvey",1,NA,NA,NA,NA
journal-article-10.2307_26805982,"kliestik, tomas",2,NA,NA,NA,0000-0002-3815-5409
journal-article-10.2307_26805982,"kovacova, maria",3,NA,NA,NA,0000-0003-2081-6835
journal-article-10.2307_26805982,"vochozka, marek",4,NA,NA,NA,0000-0003-1629-0471
journal-article-10.2307_26805983,"wener, kim",1,NA,NA,NA,NA
journal-article-10.2307_26805984,"androniceanu, armenia",1,NA,NA,NA,0000-0001-7307-5597
journal-article-10.2307_26805985,"tuyls, robert",1,NA,NA,NA,NA
journal-article-10.2307_26805985,"pera, aurel",2,NA,NA,NA,0000-0001-5279-6360
journal-article-10.2307_26805986,"berke, shirley",1,NA,NA,NA,NA
journal-article-10.2307_26805987,"hecht, bart",1,NA,NA,NA,NA
journal-article-10.2307_26805987,"valaskova, katarina",2,NA,NA,NA,0000-0003-4223-7519
journal-article-10.2307_26805987,"kral, pavol",3,NA,NA,NA,0000-0001-6970-563X
journal-article-10.2307_26805987,"rowland, zuzana",4,NA,NA,NA,0000-0002-7792-8873
journal-article-10.2307_26810363,"sheller, theodore",1,NA,NA,NA,NA
journal-article-10.2307_26810364,"durst, miriam",1,NA,NA,NA,NA
journal-article-10.2307_26810365,"trettin, carol",1,NA,NA,NA,NA
journal-article-10.2307_26810365,"lăzăroiu, george",2,NA,NA,NA,NA
journal-article-10.2307_26810365,"grecu, iulia",3,NA,NA,NA,0000-0001-8659-2972
journal-article-10.2307_26810365,"grecu, gheorghe",4,NA,NA,NA,0000-0002-8866-3591
journal-article-10.2307_26810366,"dubman, ronald",1,NA,NA,NA,NA
journal-article-10.2307_26810367,"zhuravleva, natalia a.",1,NA,NA,NA,0000-0003-3566-9225
journal-article-10.2307_26810367,"nica, elvira",2,NA,NA,NA,0000-0002-8368-8028
journal-article-10.2307_26810367,"durana, pavol",3,NA,NA,NA,0000-0001-5975-1958
journal-article-10.2307_26810368,"gutschow, evelyn",1,NA,NA,NA,NA
journal-article-10.2307_26810369,"gutberlet, trish",1,NA,NA,NA,NA
journal-article-10.2307_26810370,"lyakina, maria",1,NA,NA,NA,0000-0002-1003-5210
journal-article-10.2307_26810370,"sheehy, marianne",2,NA,NA,NA,NA
journal-article-10.2307_26810370,"podhorska, ivana",3,NA,NA,NA,NA
journal-article-10.2307_26810371,"sion, grațiela",1,NA,NA,NA,NA
journal-article-10.2307_26815049,"riikonen, ainikki",1,NA,NA,NA,NA
journal-article-10.2307_26815054,"sculerati, jamie",1,NA,NA,NA,NA
journal-article-10.2307_26828529,"shullenberger, geoff",1,NA,NA,NA,NA
journal-article-10.2307_26838913,"eisenman, joshua",1,NA,NA,NA,0000-0002-4709-4353
journal-article-10.2307_26838913,"heginbotham, eric",2,NA,NA,NA,NA
journal-article-10.2307_26853743,"sinai, joshua",1,NA,NA,NA,NA
journal-article-10.2307_26853743,"fuller, jeffrey",2,NA,NA,NA,0000-0002-0048-1997
journal-article-10.2307_26853743,"seal, tiffany",3,NA,NA,NA,NA
journal-article-10.2307_26853765,"tinnes, judith",1,NA,NA,NA,NA
journal-article-10.2307_26864273,"trevino, marty",1,NA,NA,NA,NA
journal-article-10.2307_26864276,"defranco, joseph",1,NA,NA,NA,NA
journal-article-10.2307_26864276,"dieuliis, diane",2,NA,NA,NA,NA
journal-article-10.2307_26864276,"giordano, james",3,NA,NA,NA,0000-0002-0730-0466
journal-article-10.2307_26864277,"raska, michael",1,NA,NA,NA,0000-0002-8283-2438
journal-article-10.2307_26864278,"kania, elsa b.",1,NA,NA,NA,NA
journal-article-10.2307_26864281,"loo, bernard f.w.",1,NA,NA,NA,NA
journal-article-10.2307_26869266,"gerner, alexander matthias",1,NA,NA,NA,NA
journal-article-10.2307_26869280,"balsas, carlos josé lopes",1,NA,NA,NA,NA
journal-article-10.2307_26872778,"kavanagh, matthew m.",1,NA,NA,NA,0000-0003-1751-4828
journal-article-10.2307_26872778,"thirumurthy, harsha",2,NA,NA,NA,0000-0002-3308-7603
journal-article-10.2307_26872778,"katz, rebecca",3,NA,NA,NA,0000-0002-2831-0866
journal-article-10.2307_26872778,"ebi, kristie l.",4,NA,NA,NA,NA
journal-article-10.2307_26872778,"beyrer, chris",5,NA,NA,NA,0000-0003-0665-9124
journal-article-10.2307_26872778,"headley, jamila",6,NA,NA,NA,NA
journal-article-10.2307_26872778,"holmes, charles b.",7,NA,NA,NA,0000-0002-2429-3237
journal-article-10.2307_26872778,"collins, chris",8,NA,NA,NA,0000-0002-2294-0250
journal-article-10.2307_26872778,"gostin, lawrence o.",9,NA,NA,NA,0000-0001-5286-4044
journal-article-10.2307_26886163,"bangura, abdul karim",1,NA,NA,NA,NA
journal-article-10.2307_26891882,"johnson, james s.",1,NA,NA,NA,0000-0001-7465-3854
journal-article-10.2307_26891882,"johnson, james s.",1,NA,NA,NA,0000-0003-2497-5956
journal-article-10.2307_26891889,"manske, chad",1,NA,NA,NA,NA
journal-article-10.2307_26891890,"peters, mark t.",1,NA,NA,NA,0000-0001-5267-6609
journal-article-10.2307_26891890,"peters, mark t.",1,NA,NA,NA,0000-0003-1951-5664
journal-article-10.2307_26892050,"tinnes, judith",1,NA,NA,NA,NA
journal-article-10.2307_26897908,"knoblauch, hubert",1,NA,NA,NA,0000-0002-9461-3160
journal-article-10.2307_26897908,"löw, martina",2,NA,NA,NA,NA
journal-article-10.2307_26915828,"lim, tai wei",1,NA,NA,NA,0000-0001-9258-8726
journal-article-10.2307_26915828,"lim, tai wei",1,NA,NA,NA,0000-0002-5542-1297
journal-article-10.2307_26915828,"lim, tai wei",1,NA,NA,NA,0000-0001-9331-4639
journal-article-10.2307_26915828,"lim, tai wei",1,NA,NA,NA,0000-0001-9097-0729
journal-article-10.2307_26915828,"lim, tai wei",1,NA,NA,NA,0000-0003-0311-943X
journal-article-10.2307_26917286,"li, eric",1,NA,NA,NA,0000-0002-4121-7738
journal-article-10.2307_26917310,"yanaizu, satoshi",1,NA,NA,NA,NA
journal-article-10.2307_26917310,"funabashi, yoichi",2,NA,NA,NA,NA
journal-article-10.2307_26918083,"rodriguez, abelardo",1,NA,NA,NA,0000-0002-7948-5324
journal-article-10.2307_26918238,"nye, joseph s.",1,NA,NA,NA,NA
journal-article-10.2307_26918283,"harrower, kathryn",1,NA,NA,NA,NA
journal-article-10.2307_26918284,"eysenck, glenn",1,NA,NA,NA,NA
journal-article-10.2307_26918285,"zhuravleva, natalia a.",1,NA,NA,NA,0000-0003-3566-9225
journal-article-10.2307_26918285,"wright, jennifer",2,NA,NA,NA,0000-0001-7598-0873
journal-article-10.2307_26918285,"michalkova, lucia",3,NA,NA,NA,0000-0002-3072-7396
journal-article-10.2307_26918285,"musa, hussam",4,NA,NA,NA,0000-0002-4492-8770
journal-article-10.2307_26918286,"taylor, peter",1,NA,NA,NA,0000-0003-0572-4502
journal-article-10.2307_26918287,"connolly-barker, melissa",1,NA,NA,NA,NA
journal-article-10.2307_26918287,"kliestik, tomas",2,NA,NA,NA,0000-0002-3815-5409
journal-article-10.2307_26918287,"suler, petr",3,NA,NA,NA,NA
journal-article-10.2307_26918287,"zvarikova, katarina",4,NA,NA,NA,0000-0001-5278-9275
journal-article-10.2307_26918288,"morgan, christine",1,NA,NA,NA,0000-0001-8476-8735
journal-article-10.2307_26918289,"hodgkins, stacy",1,NA,NA,NA,NA
journal-article-10.2307_26918290,"watson, alexander",1,NA,NA,NA,0000-0003-0404-5735
journal-article-10.2307_26918290,"musova, zdenka",2,NA,NA,NA,NA
journal-article-10.2307_26918290,"machova, veronika",3,NA,NA,NA,NA
journal-article-10.2307_26918290,"rowland, zuzana",4,NA,NA,NA,0000-0002-7792-8873
journal-article-10.2307_26918291,"ionescu, luminița",1,NA,NA,NA,NA
journal-article-10.2307_26918305,"tinnes, judith",1,NA,NA,NA,NA
journal-article-10.2307_26918306,"tinnes, judith",1,NA,NA,NA,NA
journal-article-10.2307_26918408,"caselli, davide",1,NA,NA,NA,0000-0001-7305-7436
journal-article-10.2307_26918411,"baur, nina",1,NA,NA,NA,0000-0002-6626-1997
journal-article-10.2307_26918411,"graeff, peter",2,NA,NA,NA,NA
journal-article-10.2307_26918411,"braunisch, lilli",3,NA,NA,NA,NA
journal-article-10.2307_26918411,"schweia, malte",4,NA,NA,NA,NA
journal-article-10.2307_26918412,"graeff, peter",1,NA,NA,NA,NA
journal-article-10.2307_26918412,"baur, nina",2,NA,NA,NA,0000-0002-6626-1997
journal-article-10.2307_26918413,"koch, gertraud",1,NA,NA,NA,0000-0002-2457-3335
journal-article-10.2307_26918413,"kinder-kurlanda, katharina",2,NA,NA,NA,0000-0002-7749-645X
journal-article-10.2307_26918414,"weichbold, martin",1,NA,NA,NA,NA
journal-article-10.2307_26918414,"seymer, alexander",2,NA,NA,NA,0000-0001-8000-5546
journal-article-10.2307_26918414,"aschauer, wolfgang",3,NA,NA,NA,0000-0002-7917-557X
journal-article-10.2307_26918414,"herdin, thomas",4,NA,NA,NA,0000-0002-4102-8507
journal-article-10.2307_26918415,"diaz-bone, rainer",1,NA,NA,NA,0000-0001-8831-3738
journal-article-10.2307_26918415,"horvath, kenneth",2,NA,NA,NA,0000-0002-0994-381X
journal-article-10.2307_26918415,"cappel, valeska",3,NA,NA,NA,NA
journal-article-10.2307_26918416,"weinhardt, michael",1,NA,NA,NA,0000-0002-4928-3852
journal-article-10.2307_26919918,"solozobov, yuri",1,NA,NA,NA,NA
journal-article-10.2307_26927674,"sinai, joshua",1,NA,NA,NA,NA
journal-article-10.2307_26927675,"sinai, joshua",1,NA,NA,NA,NA
journal-article-10.2307_26927676,"sinai, joshua",1,NA,NA,NA,NA
journal-article-10.2307_26928110,"meng, tianguang",1,NA,NA,NA,0000-0001-7887-0012
journal-article-10.2307_26928110,"yang, zesen",2,NA,NA,NA,0000-0001-6201-0018
journal-article-10.2307_26928111,"wong, wilson",1,NA,NA,NA,0000-0002-0866-7833
journal-article-10.2307_26928111,"chu, may",2,NA,NA,NA,0000-0003-4878-8186
journal-article-10.2307_26928111,"chu, may",2,NA,NA,NA,0000-0002-3771-6411
journal-article-10.2307_26928112,"gao, xiang",1,NA,NA,NA,0000-0002-5483-7151
journal-article-10.2307_26928112,"tan, jie",2,NA,NA,NA,0000-0002-3303-5096
journal-article-10.2307_26931483,"santow, edward",1,NA,NA,NA,NA
journal-article-10.2307_26939888,"russell, helen",1,NA,NA,NA,0000-0002-6179-4524
journal-article-10.2307_26939889,"scott, roger",1,NA,NA,NA,0000-0001-5517-2203
journal-article-10.2307_26939889,"poliak, milos",2,NA,NA,NA,0000-0002-9149-2439
journal-article-10.2307_26939889,"vrbka, jaromir",3,NA,NA,NA,NA
journal-article-10.2307_26939889,"nica, elvira",4,NA,NA,NA,0000-0002-8368-8028
journal-article-10.2307_26939890,"grayson, jonathan",1,NA,NA,NA,0000-0001-7413-9599
journal-article-10.2307_26939891,"miller, edward",1,NA,NA,NA,0000-0002-1726-8148
journal-article-10.2307_26939892,"nelson, anthony",1,NA,NA,NA,0000-0003-2702-4283
journal-article-10.2307_26939892,"neguriță, octav",2,NA,NA,NA,0000-0002-1394-2561
journal-article-10.2307_26939893,"robinson, rachel",1,NA,NA,NA,0000-0002-3092-1308
journal-article-10.2307_26939894,"bennett, sarah",1,NA,NA,NA,0000-0001-7576-9939
journal-article-10.2307_26939894,"durana, pavol",2,NA,NA,NA,0000-0001-5975-1958
journal-article-10.2307_26939894,"konecny, vladimir",3,NA,NA,NA,0000-0002-2606-7890
journal-article-10.2307_26939895,"walker, amanda",1,NA,NA,NA,0000-0002-3170-8445
journal-article-10.2307_26939896,"lyons, nancy",1,NA,NA,NA,NA
journal-article-10.2307_26939896,"lăzăroiu, george",2,NA,NA,NA,NA
journal-article-10.2307_26939897,"davies, shirley",1,NA,NA,NA,NA
journal-article-10.2307_26939897,"kovacova, maria",2,NA,NA,NA,0000-0003-2081-6835
journal-article-10.2307_26939897,"valaskova, katarina",3,NA,NA,NA,0000-0003-4223-7519
journal-article-10.2307_2695821,"smith-lovin, lynn",1,NA,NA,NA,0000-0002-8211-4719
journal-article-10.2307_27522323,"rothenbacher, franz",1,NA,NA,NA,NA
journal-article-10.2307_3647679,"krutz, glen s.",1,NA,NA,NA,NA
journal-article-10.2307_3648943,"collins, randall",1,NA,NA,NA,NA
journal-article-10.2307_41636602,"anderson, sheila",1,NA,NA,NA,0000-0002-9035-1968
journal-article-10.2307_41636602,"blanke, tobias",2,NA,NA,NA,0000-0003-1529-5529
journal-article-10.2307_41684588,"keeter, scott",1,NA,NA,NA,NA
journal-article-10.2307_41726700,"friedman, uri",1,NA,NA,NA,NA
journal-article-10.2307_41726884,"khanna, parag",1,NA,NA,NA,NA
journal-article-10.2307_41726884,"smith, aaron",2,NA,NA,NA,0000-0001-5137-7973
journal-article-10.2307_41963001,"knighton, david",1,NA,NA,NA,0000-0002-6908-5941
journal-article-10.2307_41963001,"ford, robert",2,NA,NA,NA,0000-0001-5483-4965
journal-article-10.2307_41963001,"goodwin, matthew",3,NA,NA,NA,0000-0003-3424-7864
journal-article-10.2307_41963019,"debusmann, bernd",1,NA,NA,NA,NA
journal-article-10.2307_41963020,"de mesquita, bruce bueno",1,NA,NA,NA,NA
journal-article-10.2307_42858149,"collinson, jacquelyn allen",1,NA,NA,NA,NA
journal-article-10.2307_42921259,"castelló, itziar",1,NA,NA,NA,NA
journal-article-10.2307_42921259,"morsing, mette",2,NA,NA,NA,0000-0002-6961-8234
journal-article-10.2307_42921259,"schultz, friederike",3,NA,NA,NA,NA
journal-article-10.2307_43049529,"golder, scott a.",1,NA,NA,NA,NA
journal-article-10.2307_43049529,"macy, michael w.",2,NA,NA,NA,NA
journal-article-10.2307_43049542,"morenoff, jeffrey d.",1,NA,NA,NA,NA
journal-article-10.2307_43049542,"harding, david j.",2,NA,NA,NA,0000-0001-8339-0048
journal-article-10.2307_43049542,"harding, david j.",2,NA,NA,NA,0000-0002-8622-9046
journal-article-10.2307_43134258,"baker, stephanie",1,NA,NA,NA,0000-0003-0115-002X
journal-article-10.2307_43134321,"deibert, ronald",1,NA,NA,NA,NA
journal-article-10.2307_43134325,"visner, samuel",1,NA,NA,NA,NA
journal-article-10.2307_43134346,"lynn, william j.",1,NA,NA,NA,NA
journal-article-10.2307_43134346,"lute, jane hull",2,NA,NA,NA,NA
journal-article-10.2307_43134346,"schmidt, howard",3,NA,NA,NA,NA
journal-article-10.2307_43134346,"lotrionte, catherine",4,NA,NA,NA,NA
journal-article-10.2307_43134349,"genachowski, julius",1,NA,NA,NA,NA
journal-article-10.2307_43134349,"schwartz, eddie",2,NA,NA,NA,NA
journal-article-10.2307_43134349,"dix, robert",3,NA,NA,NA,NA
journal-article-10.2307_43134349,"ghanea-hercock, robert",4,NA,NA,NA,NA
journal-article-10.2307_43134349,"howard, rick",5,NA,NA,NA,NA
journal-article-10.2307_43134349,"barnett, jamie",6,NA,NA,NA,0000-0003-0731-7249
journal-article-10.2307_43134349,"admiral, rear",7,NA,NA,NA,NA
journal-article-10.2307_43134349,"borg, scott",8,NA,NA,NA,NA
journal-article-10.2307_43134349,"lotrionte, catherine",9,NA,NA,NA,NA
journal-article-10.2307_43185402,"trinitapoli, jenny",1,NA,NA,NA,0000-0003-2617-8176
journal-article-10.2307_43186119,"harnois, catherine e.",1,NA,NA,NA,NA
journal-article-10.2307_43186156,"indergaard, michael",1,NA,NA,NA,NA
journal-article-10.2307_43186673,"fujimura, joan h.",1,NA,NA,NA,NA
journal-article-10.2307_43186673,"bolnick, deborah a.",2,NA,NA,NA,NA
journal-article-10.2307_43186673,"rajagopalan, ramya",3,NA,NA,NA,0000-0003-2873-9125
journal-article-10.2307_43186673,"rajagopalan, ramya",3,NA,NA,NA,0000-0003-0065-1471
journal-article-10.2307_43186673,"kaufman, jay s.",4,NA,NA,NA,0000-0003-1606-401X
journal-article-10.2307_43186673,"kaufman, jay s.",4,NA,NA,NA,0000-0003-0595-2820
journal-article-10.2307_43186673,"lewontin, richard c.",5,NA,NA,NA,NA
journal-article-10.2307_43186673,"duster, troy",6,NA,NA,NA,NA
journal-article-10.2307_43186673,"ossorio, pilar",7,NA,NA,NA,0000-0002-3495-7375
journal-article-10.2307_43186673,"marks, jonathan",8,NA,NA,NA,0000-0002-8606-5387
journal-article-10.2307_43186783,"warren, john robert",1,NA,NA,NA,NA
journal-article-10.2307_43186787,"brint, steven",1,NA,NA,NA,0000-0002-3475-6661
journal-article-10.2307_43187072,"shim, janet k.",1,NA,NA,NA,NA
journal-article-10.2307_43187072,"ackerman, sara l.",2,NA,NA,NA,NA
journal-article-10.2307_43187072,"darling, katherine weatherford",3,NA,NA,NA,NA
journal-article-10.2307_43187072,"hiatt, robert a.",4,NA,NA,NA,NA
journal-article-10.2307_43187072,"lee, sandra soo-jin",5,NA,NA,NA,NA
journal-article-10.2307_43187545,"brayne, sarah",1,NA,NA,NA,NA
journal-article-10.2307_43284284,"king, gary",1,NA,NA,NA,0000-0001-7761-9264
journal-article-10.2307_43284284,"sen, maya",2,NA,NA,NA,0000-0001-6187-456X
journal-article-10.2307_43284328,"greitens, sheena chestnut",1,NA,NA,NA,0000-0002-9767-4276
journal-article-10.2307_43284328,"koehler-derrick, gabriel",2,NA,NA,NA,0000-0002-5639-0349
journal-article-10.2307_43284334,"goldstein, joshua",1,NA,NA,NA,0000-0002-2844-9921
journal-article-10.2307_43284398,"king, gary",1,NA,NA,NA,0000-0001-7761-9264
journal-article-10.2307_43284398,"sen, maya",2,NA,NA,NA,0000-0001-6187-456X
journal-article-10.2307_43284479,"durant, robert f.",1,NA,NA,NA,0000-0002-3178-2223
journal-article-10.2307_43284486,"carsey, thomas m.",1,NA,NA,NA,0000-0002-7564-1246
journal-article-10.2307_43284501,"king, gary",1,NA,NA,NA,0000-0001-7761-9264
journal-article-10.2307_43284533,"isaac, jeffrey c.",1,NA,NA,NA,NA
journal-article-10.2307_43284537,"blumenthal, mark",1,NA,NA,NA,0000-0002-1410-1860
journal-article-10.2307_43284544,"linzer, drew a.",1,NA,NA,NA,NA
journal-article-10.2307_43284628,"pinero-kluge, liane",1,NA,NA,NA,NA
journal-article-10.2307_43284684,"smith, steven rathgeb",1,NA,NA,NA,NA
journal-article-10.2307_43284803,"west, lauren",1,NA,NA,NA,0000-0001-7230-8627
journal-article-10.2307_43287846,"cornwell, benjamin",1,NA,NA,NA,0000-0002-1328-3084
journal-article-10.2307_43287846,"dokshin, fedor a.",2,NA,NA,NA,NA
journal-article-10.2307_43486385,"curato, nicole",1,NA,NA,NA,0000-0002-0269-0186
journal-article-10.2307_43497089,"thiem, bui hai",1,NA,NA,NA,NA
journal-article-10.2307_43546638,"davis, gerald f.",1,NA,NA,NA,NA
journal-article-10.2307_43548332,"kleinbaum, adam m.",1,NA,NA,NA,0000-0003-3654-2154
journal-article-10.2307_43551404,"barrowman, nick",1,NA,NA,NA,NA
journal-article-10.2307_43589260,"george, gerard",1,NA,NA,NA,0000-0002-6963-5085
journal-article-10.2307_43589260,"haas, martine r.",2,NA,NA,NA,NA
journal-article-10.2307_43589260,"pentland, alex",3,NA,NA,NA,0000-0002-8053-9983
journal-article-10.2307_43589275,"howard-grenville, jennifer",1,NA,NA,NA,NA
journal-article-10.2307_43589275,"buckle, simon j.",2,NA,NA,NA,NA
journal-article-10.2307_43589275,"hoskins, brian j.",3,NA,NA,NA,NA
journal-article-10.2307_43589275,"george, gerard",4,NA,NA,NA,0000-0002-6963-5085
journal-article-10.2307_43589320,"tihanyi, laszlo",1,NA,NA,NA,NA
journal-article-10.2307_43589320,"graffin, scott",2,NA,NA,NA,0000-0002-5352-2932
journal-article-10.2307_43589320,"george, gerard",3,NA,NA,NA,0000-0002-6963-5085
journal-article-10.2307_43615198,"smith, trina",1,NA,NA,NA,0000-0001-7585-6725
journal-article-10.2307_43615198,"popov, lubomir",2,NA,NA,NA,NA
journal-article-10.2307_43615198,"diana, augie",3,NA,NA,NA,NA
journal-article-10.2307_43615198,"david, gary",4,NA,NA,NA,NA
journal-article-10.2307_43615198,"straus, roger",5,NA,NA,NA,NA
journal-article-10.2307_43653229,"krupnikov, yanna",1,NA,NA,NA,0000-0002-4708-0074
journal-article-10.2307_43653229,"piston, spencer",2,NA,NA,NA,0000-0001-9933-8295
journal-article-10.2307_43653968,"ritzer, george",1,NA,NA,NA,NA
journal-article-10.2307_43654145,"devault, marjorie l.",1,NA,NA,NA,NA
journal-article-10.2307_43654157,"ignatow, gabe",1,NA,NA,NA,NA
journal-article-10.2307_43654161,"cerulo, karen a.",1,NA,NA,NA,NA
journal-article-10.2307_43681110,"singer, p. w.",1,NA,NA,NA,0000-0003-3741-4314
journal-article-10.2307_43694718,"mohr, john w.",1,NA,NA,NA,NA
journal-article-10.2307_43694718,"ghaziani, amin",2,NA,NA,NA,0000-0002-7118-0809
journal-article-10.2307_43694720,"tavory, iddo",1,NA,NA,NA,0000-0002-4603-8958
journal-article-10.2307_43694722,"vaisey, stephen",1,NA,NA,NA,0000-0001-9506-7520
journal-article-10.2307_43694722,"miles, andrew",2,NA,NA,NA,0000-0002-3141-1115
journal-article-10.2307_43694727,"mische, ann",1,NA,NA,NA,NA
journal-article-10.2307_43694728,"bail, christopher a.",1,NA,NA,NA,NA
journal-article-10.2307_43698582,"faris, david",1,NA,NA,NA,NA
journal-article-10.2307_43761673,"delanoë, alexandre",1,NA,NA,NA,NA
journal-article-10.2307_43761673,"galam, serge",2,NA,NA,NA,0000-0002-9003-5420
journal-article-10.2307_43773635,"gale, steven",1,NA,NA,NA,NA
journal-article-10.2307_43773643,"lotrionte, catherine",1,NA,NA,NA,NA
journal-article-10.2307_43773645,"gady, franz-stefan",1,NA,NA,NA,NA
journal-article-10.2307_43773648,"gaycken, sandro",1,NA,NA,NA,NA
journal-article-10.2307_43773652,"nitta, yoko",1,NA,NA,NA,0000-0002-9832-2926
journal-article-10.2307_43773654,"dunlap,, charles j.",1,NA,NA,NA,NA
journal-article-10.2307_43773654,"dunlap,, charlie j.",2,NA,NA,NA,NA
journal-article-10.2307_43798480,"diaz-bone, rainer",1,NA,NA,NA,0000-0001-8831-3738
journal-article-10.2307_43798480,"didier, emmanuel",2,NA,NA,NA,NA
journal-article-10.2307_43798482,"diaz-bone, rainer",1,NA,NA,NA,0000-0001-8831-3738
journal-article-10.2307_43820808,"chomsky, noam",1,NA,NA,NA,NA
journal-article-10.2307_43828649,"dahl, erik j.",1,NA,NA,NA,0000-0003-3525-0539
journal-article-10.2307_43830184,"pellegrini, carlo bellavite",1,NA,NA,NA,NA
journal-article-10.2307_43862201,"herbert, sandra",1,NA,NA,NA,0000-0001-5990-5099
journal-article-10.2307_43863740,"jiang, lijing",1,NA,NA,NA,0000-0002-0606-7199
journal-article-10.2307_43863740,"jiang, lijing",1,NA,NA,NA,0000-0001-6105-254X
journal-article-10.2307_43893401,"sarewitz, daniel",1,NA,NA,NA,NA
journal-article-10.2307_43920603,"minhas, shahryar",1,NA,NA,NA,0000-0002-8498-4005
journal-article-10.2307_43920603,"hoff, peter d",2,NA,NA,NA,NA
journal-article-10.2307_43920603,"ward, michael d",3,NA,NA,NA,NA
journal-article-10.2307_43921183,"miłkowski, marcin",1,NA,NA,NA,0000-0001-7646-5742
journal-article-10.2307_43946953,"thornberry, mac",1,NA,NA,NA,NA
journal-article-10.2307_43946953,"krepinevich, andrew f.",2,NA,NA,NA,NA
journal-article-10.2307_43946954,"bacevich, andrew j.",1,NA,NA,NA,NA
journal-article-10.2307_43954498,"van klinken, gerry",1,NA,NA,NA,0000-0001-7702-1705
journal-article-10.2307_43954499,"nyblade, benjamin",1,NA,NA,NA,NA
journal-article-10.2307_43954499,"o'mahony, angela",2,NA,NA,NA,0000-0003-2557-0475
journal-article-10.2307_43954499,"sinpeng, aim",3,NA,NA,NA,0000-0002-4917-6758
journal-article-10.2307_43954500,"hicks, jacqueline",1,NA,NA,NA,0000-0002-6918-0228
journal-article-10.2307_43954500,"traag, vincent a.",2,NA,NA,NA,0000-0003-3170-3879
journal-article-10.2307_43954500,"reinanda, ridho",3,NA,NA,NA,NA
journal-article-10.2307_43954502,"meyer, david a.",1,NA,NA,NA,0000-0003-0979-118X
journal-article-10.2307_43954502,"meyer, david a.",1,NA,NA,NA,0000-0002-5667-4720
journal-article-10.2307_43954502,"stein, arthur",2,NA,NA,NA,0000-0002-3033-1201
journal-article-10.2307_43956752,"merola, stacey s.",1,NA,NA,NA,NA
journal-article-10.2307_43956971,"nichols, lawrence t.",1,NA,NA,NA,NA
journal-article-10.2307_43956973,"mcfarland, daniel a.",1,NA,NA,NA,0000-0002-5500-1591
journal-article-10.2307_43956973,"lewis, kevin",2,NA,NA,NA,0000-0003-3829-4350
journal-article-10.2307_43956973,"goldberg, amir",3,NA,NA,NA,0000-0002-0858-3058
journal-article-10.2307_43957095,"turner, stephen",1,NA,NA,NA,0000-0002-1109-903X
journal-article-10.2307_43996326,"fleck, christian",1,NA,NA,NA,0000-0001-6922-9362
journal-article-10.2307_43996405,"manza, jeff",1,NA,NA,NA,0000-0002-8163-8334
journal-article-10.2307_43997380,"blee, kathleen m.",1,NA,NA,NA,NA
journal-article-10.2307_44001149,"gee, gilbert c.",1,NA,NA,NA,0000-0002-1716-9465
journal-article-10.2307_44017414,"pozzo, riccardo",1,NA,NA,NA,0000-0001-5535-5894
journal-article-10.2307_44062873,"ashkpour, ashkan",1,NA,NA,NA,NA
journal-article-10.2307_44062873,"mandemakers, kees",2,NA,NA,NA,0000-0003-0958-2652
journal-article-10.2307_44062873,"boonstra, onno",3,NA,NA,NA,0000-0002-6735-6373
journal-article-10.2307_44072748,"oser, jennifer",1,NA,NA,NA,0000-0002-1531-4606
journal-article-10.2307_44072748,"leighley, jan e.",2,NA,NA,NA,NA
journal-article-10.2307_44072748,"winneg, kenneth m.",3,NA,NA,NA,NA
journal-article-10.2307_44078250,"charmaz, kathy",1,NA,NA,NA,0000-0003-1188-6954
journal-article-10.2307_44078250,"sell, jane",2,NA,NA,NA,0000-0003-1756-8850
journal-article-10.2307_44078254,"radford, jason",1,NA,NA,NA,0000-0003-3045-5527
journal-article-10.2307_44078254,"pilny, andy",2,NA,NA,NA,NA
journal-article-10.2307_44078254,"reichelmann, ashley",3,NA,NA,NA,0000-0002-3344-9037
journal-article-10.2307_44078254,"keegan, brian",4,NA,NA,NA,0000-0001-9140-8690
journal-article-10.2307_44078254,"welles, brooke foucault",5,NA,NA,NA,NA
journal-article-10.2307_44078254,"hoye, jefferson",6,NA,NA,NA,NA
journal-article-10.2307_44078254,"ognyanova, katherine",7,NA,NA,NA,0000-0003-3038-7077
journal-article-10.2307_44078254,"meleis, waleed",8,NA,NA,NA,0000-0003-4158-6071
journal-article-10.2307_44078254,"meleis, waleen",9,NA,NA,NA,NA
journal-article-10.2307_44078254,"lazer, david",10,NA,NA,NA,0000-0002-7991-9110
journal-article-10.2307_44090477,"rochot, justine",1,NA,NA,NA,NA
journal-article-10.2307_44090477,"buchanan, david",2,NA,NA,NA,0000-0002-4572-1683
journal-article-10.2307_44090481,"milcent, carine",1,NA,NA,NA,NA
journal-article-10.2307_44090481,"black, michael",2,NA,NA,NA,0000-0001-9528-2888
journal-article-10.2307_44091111,"creemers, rogier",1,NA,NA,NA,0000-0002-8803-4971
journal-article-10.2307_44113936,"masłyk, tomasz",1,NA,NA,NA,0000-0001-9901-5859
journal-article-10.2307_44113936,"migaczewska, ewa",2,NA,NA,NA,0000-0003-0868-4171
journal-article-10.2307_44114456,"king, anthony",1,NA,NA,NA,0000-0003-1701-6837
journal-article-10.2307_44114461,"rose-greenland, fiona",1,NA,NA,NA,NA
journal-article-10.2307_44114467,"fourcade, marion",1,NA,NA,NA,0000-0002-4821-9031
journal-article-10.2307_44114470,"swedberg, richard",1,NA,NA,NA,0000-0003-0635-0581
journal-article-10.2307_44132931,"montiel, cristina jayme",1,NA,NA,NA,NA
journal-article-10.2307_44132931,"umel, audris",2,NA,NA,NA,0000-0002-6572-1816
journal-article-10.2307_44132931,"de leon, marlene",3,NA,NA,NA,0000-0002-6049-268X
journal-article-10.2307_44132931,"de leon, marlene",3,NA,NA,NA,0000-0002-9911-490X
journal-article-10.2307_44157036,"warner, malcolm",1,NA,NA,NA,NA
journal-article-10.2307_44174151,"henrÿ, hagen",1,NA,NA,NA,NA
journal-article-10.2307_44176022,"krenn, karoline",1,NA,NA,NA,NA
journal-article-10.2307_44176026,"pridmore, jason",1,NA,NA,NA,0000-0001-9159-8623
journal-article-10.2307_44176026,"hämäläinen, lalu elias",2,NA,NA,NA,NA
journal-article-10.2307_44176031,"diaz-bone, rainer",1,NA,NA,NA,0000-0001-8831-3738
journal-article-10.2307_44176032,"krüger, anne k.",1,NA,NA,NA,0000-0002-7652-1166
journal-article-10.2307_44176032,"reinhart, martin",2,NA,NA,NA,0000-0003-4597-6771
journal-article-10.2307_44176033,"fourcade, marion",1,NA,NA,NA,0000-0002-4821-9031
journal-article-10.2307_44176033,"healy, kieran",2,NA,NA,NA,0000-0001-9114-981X
journal-article-10.2307_44214790,"o'connor, nuala",1,NA,NA,NA,NA
journal-article-10.2307_44214790,"lange, alethea",2,NA,NA,NA,NA
journal-article-10.2307_44214790,"lange, ali",3,NA,NA,NA,NA
journal-article-10.2307_44245486,"mueller, anna s.",1,NA,NA,NA,0000-0002-3220-8944
journal-article-10.2307_44245486,"abrutyn, seth",2,NA,NA,NA,0000-0001-6220-3362
journal-article-10.2307_44245500,"hunzaker, m. b. fallin",1,NA,NA,NA,NA
journal-article-10.2307_44245534,"hofstra, bas",1,NA,NA,NA,0000-0002-9052-956X
journal-article-10.2307_44245534,"corten, rense",2,NA,NA,NA,0000-0001-8154-9393
journal-article-10.2307_44245534,"van tubergen, frank",3,NA,NA,NA,0000-0002-6415-2877
journal-article-10.2307_44245534,"ellison, nicole b.",4,NA,NA,NA,NA
journal-article-10.2307_44252648,"mills, mark p.",1,NA,NA,NA,0000-0002-8813-4438
journal-article-10.2307_44254189,"lizzi, renata",1,NA,NA,NA,0000-0002-3253-4504
journal-article-10.2307_44254189,"bull, david",2,NA,NA,NA,0000-0002-1418-4344
journal-article-10.2307_44282479,"alwin, duane f.",1,NA,NA,NA,NA
journal-article-10.2307_44282479,"thomas, jason r.",2,NA,NA,NA,0000-0002-9718-9297
journal-article-10.2307_44282614,"nosek, brian a.",1,NA,NA,NA,0000-0001-6797-5476
journal-article-10.2307_44282614,"spies, jeffrey r.",2,NA,NA,NA,0000-0003-2135-5874
journal-article-10.2307_44282614,"motyl, matt",3,NA,NA,NA,0000-0002-7190-0802
journal-article-10.2307_44289447,"liao, tim futing",1,NA,NA,NA,NA
journal-article-10.2307_44289457,"o'brien, daniel tumminelli",1,NA,NA,NA,NA
journal-article-10.2307_44289457,"sampson, robert j.",2,NA,NA,NA,0000-0001-6556-0357
journal-article-10.2307_44289457,"winship, christopher",3,NA,NA,NA,0000-0002-0632-241X
journal-article-10.2307_44289458,"nardulli, peter f.",1,NA,NA,NA,NA
journal-article-10.2307_44289458,"althaus, scott l.",2,NA,NA,NA,0000-0002-7020-9649
journal-article-10.2307_44289458,"hayes, matthew",3,NA,NA,NA,0000-0003-1651-0956
journal-article-10.2307_44318615,"yarkoni, tal",1,NA,NA,NA,0000-0002-6558-5113
journal-article-10.2307_44318815,"erickson, kirk i.",1,NA,NA,NA,NA
journal-article-10.2307_44318815,"creswell, j. david",2,NA,NA,NA,0000-0002-9604-6120
journal-article-10.2307_44318815,"verstynen, timothy d.",3,NA,NA,NA,NA
journal-article-10.2307_44318815,"gianaros, peter j.",4,NA,NA,NA,NA
journal-article-10.2307_44318818,"trull, timothy j.",1,NA,NA,NA,NA
journal-article-10.2307_44318818,"ebner-priemer, ulrich",2,NA,NA,NA,0000-0002-2769-5944
journal-article-10.2307_44469359,"bour, nina",1,NA,NA,NA,NA
journal-article-10.2307_44471268,"yi, doogab",1,NA,NA,NA,0000-0003-0300-6398
journal-article-10.2307_44504726,"oh, hyeyoung",1,NA,NA,NA,NA
journal-article-10.2307_44510048,"song, felicia wu",1,NA,NA,NA,NA
journal-article-10.2307_44631284,"kersen, thomas m.",1,NA,NA,NA,NA
journal-article-10.2307_44631538,"mcclelland, richard t.",1,NA,NA,NA,NA
journal-article-10.2307_44687753,"allen-taylor, j. douglas",1,NA,NA,NA,NA
journal-article-10.2307_44713549,"shestakofsky, benjamin",1,NA,NA,NA,0000-0003-0797-2729
journal-article-10.2307_44737762,"harari, yuval",1,NA,NA,NA,NA
journal-article-10.2307_44737762,"philps, alan",2,NA,NA,NA,NA
journal-article-10.2307_44744634,"lowe, james w. e.",1,NA,NA,NA,NA
journal-article-10.2307_44744739,"devictor, vincent",1,NA,NA,NA,0000-0003-1524-2304
journal-article-10.2307_44744739,"bensaude-vincent, bernadette",2,NA,NA,NA,0000-0002-7216-2354
journal-article-10.2307_44779932,"elliott, matthew",1,NA,NA,NA,0000-0003-3828-8540
journal-article-10.2307_44842734,"rothkopf, david",1,NA,NA,NA,NA
journal-article-10.2307_44979836,"van den eede, yoni",1,NA,NA,NA,0000-0001-7253-1562
journal-article-10.2307_45048146,"philps, alan",1,NA,NA,NA,NA
journal-article-10.2307_45048153,"baker, tim",1,NA,NA,NA,0000-0002-9929-7769
journal-article-10.2307_45048761,"plant, robert",1,NA,NA,NA,0000-0001-9314-0691
journal-article-10.2307_45180566,"philps, alan",1,NA,NA,NA,NA
journal-article-10.2307_45180566,"fletcher, tom",2,NA,NA,NA,0000-0002-0641-8796
journal-article-10.2307_48544317,"rafiq, aamna",1,NA,NA,NA,NA
journal-article-10.2307_48551802,"james, colin",1,NA,NA,NA,0000-0003-4096-0500
journal-article-10.2307_48551802,"james, colin",1,NA,NA,NA,0000-0001-8549-3913
journal-article-10.2307_48573461,"mahbubani, kishore",1,NA,NA,NA,NA
journal-article-10.2307_48573497,"isa, tan sri rastam mohd",1,NA,NA,NA,NA
journal-article-10.2307_48573561,"schaefer, michael",1,NA,NA,NA,0000-0003-4363-1534
journal-article-10.2307_48573567,"tricoire, jean-pascal",1,NA,NA,NA,NA
journal-article-10.2307_48573574,"attali, jacques",1,NA,NA,NA,NA
journal-article-10.2307_48573588,"garfinkle, adam",1,NA,NA,NA,NA
journal-article-10.2307_48573639,"nye, joseph s.",1,NA,NA,NA,NA
journal-article-10.2307_48573654,"heap, brian",1,NA,NA,NA,NA
journal-article-10.2307_48573654,"hirmer, stephanie",2,NA,NA,NA,0000-0001-7628-9259
journal-article-10.2307_48573697,"bordoff, jason",1,NA,NA,NA,NA
journal-article-10.2307_48573698,"langner, ralph",1,NA,NA,NA,NA
journal-article-10.2307_48573719,"tharoor, shashi",1,NA,NA,NA,NA
journal-article-10.2307_48573727,"sahbaz, ussal",1,NA,NA,NA,NA
journal-article-10.2307_48573769,"shapiro, jacob l.",1,NA,NA,NA,NA
journal-article-10.2307_48581424,"lok, joris janssen",1,NA,NA,NA,NA
journal-article-10.2307_522314,"daly, mary",1,NA,NA,NA,0000-0002-3298-8901
journal-article-10.2307_90012075,"hate, ketaki",1,NA,NA,NA,NA
journal-article-10.2307_90012075,"meherally, sanna",2,NA,NA,NA,NA
journal-article-10.2307_90012075,"more, neena shah",3,NA,NA,NA,NA
journal-article-10.2307_90012075,"jayaraman, anuja",4,NA,NA,NA,0000-0002-7269-2099
journal-article-10.2307_90012075,"bull, susan",5,NA,NA,NA,0000-0003-1515-6641
journal-article-10.2307_90012075,"parker, michael",6,NA,NA,NA,0000-0002-4359-8677
journal-article-10.2307_90012075,"parker, michael",6,NA,NA,NA,0000-0001-8909-3386
journal-article-10.2307_90012075,"osrin, david",7,NA,NA,NA,0000-0001-9691-9684
journal-article-10.2307_90012118,"sieber, joan e.",1,NA,NA,NA,0000-0002-9558-1324
journal-article-10.2307_90012118,"hurley, elisa",2,NA,NA,NA,NA
journal-article-10.2307_90012118,"anderson, emily e.",3,NA,NA,NA,NA
journal-article-10.2307_90012152,"cato, kenrick d.",1,NA,NA,NA,NA
journal-article-10.2307_90012152,"bockting, walter",2,NA,NA,NA,0000-0003-2650-7726
journal-article-10.2307_90012152,"larson, elaine",3,NA,NA,NA,0000-0001-5639-7770
journal-article-10.2307_90012597,"howard, philip n.",1,NA,NA,NA,0000-0003-3380-821X
journal-article-10.2307_90012597,"savage, saiph",2,NA,NA,NA,0000-0001-9020-8929
journal-article-10.2307_90012597,"saviaga, claudia flores",3,NA,NA,NA,NA
journal-article-10.2307_90012597,"toxtli, carlos",4,NA,NA,NA,0000-0002-9430-2661
journal-article-10.2307_90012597,"monroy-hernández, andrés",5,NA,NA,NA,0000-0003-4889-9484
journal-article-10.2307_90012598,"lin, herbert",1,NA,NA,NA,0000-0001-7464-4069
journal-article-10.2307_90017877,"mccants, anne ec",1,NA,NA,NA,NA
journal-article-10.2307_90017888,"curtis, daniel r.",1,NA,NA,NA,NA
journal-article-10.2307_90017888,"bavel, bas van",2,NA,NA,NA,NA
journal-article-10.2307_90017888,"soens, tim",3,NA,NA,NA,0000-0003-1040-5266
journal-article-10.2307_90021005,"mbadiwe, tafari",1,NA,NA,NA,0000-0002-9215-6162
journal-article-10.2307_90022979,"cogliani, leland",1,NA,NA,NA,NA
journal-article-10.2307_canajsocicahican.38.4.669,"hand, martin",1,NA,NA,NA,0000-0003-3743-9706
journal-article-10.2307_insipent.28.12.10,"sherman, jason",1,NA,NA,NA,0000-0002-6686-5993
journal-article-10.2307_insipent.28.12.11,"sherman, jason",1,NA,NA,NA,0000-0002-6686-5993
journal-article-10.2307_insipent.29.42.09,"sprenger, sebastian",1,NA,NA,NA,NA
journal-article-10.2307_insipent.29.42.10,"sprenger, sebastian",1,NA,NA,NA,NA
journal-article-10.2307_insipent.30.36.06,"mishory, jordana",1,NA,NA,NA,NA
journal-article-10.2307_insipent.30.47.04,"bertuca, tony",1,NA,NA,NA,NA
journal-article-10.2307_insipent.30.47.18,"sprenger, sebastian",1,NA,NA,NA,NA
journal-article-10.2307_insipent.31.1.08,"mishory, jordana",1,NA,NA,NA,NA
journal-article-10.2307_insipent.31.1.09,"censer, marjorie",1,NA,NA,NA,NA
journal-article-10.2307_insipent.31.15.04,"maucione, scott",1,NA,NA,NA,NA
journal-article-10.2307_insipent.31.15.20,"albon, courtney",1,NA,NA,NA,NA
journal-article-10.2307_insipent.31.16.01,"bertuca, tony",1,NA,NA,NA,NA
journal-article-10.2307_insipent.31.16.02,"bertuca, tony",1,NA,NA,NA,NA
journal-article-10.2307_insipent.31.16.03,"maucione, scott",1,NA,NA,NA,NA
journal-article-10.2307_insipent.31.16.04,"censer, marjorie",1,NA,NA,NA,NA
journal-article-10.2307_insipent.31.16.17,"sherman, jason",1,NA,NA,NA,0000-0002-6686-5993
journal-article-10.2307_insipent.31.18.01,"bertuca, tony",1,NA,NA,NA,NA
journal-article-10.2307_insipent.31.18.02,"maucione, scott",1,NA,NA,NA,NA
journal-article-10.2307_insipent.31.18.03,"maucione, scott",1,NA,NA,NA,NA
journal-article-10.2307_insipent.31.18.04,"mishory, jordana",1,NA,NA,NA,NA
journal-article-10.2307_insipent.31.18.20,"censer, marjorie",1,NA,NA,NA,NA
journal-article-10.2307_insipent.31.20.14,"maucione, scott",1,NA,NA,NA,NA
journal-article-10.2307_insipent.31.20.15,"maucione, scott",1,NA,NA,NA,NA
journal-article-10.2307_insipent.31.20.16,"maucione, scott",1,NA,NA,NA,NA
journal-article-10.2307_insipent.31.22.12,"maucione, scott",1,NA,NA,NA,NA
journal-article-10.2307_insipent.31.22.13,"maucione, scott",1,NA,NA,NA,NA
journal-article-10.2307_insipent.31.26.03,"bertuca, tony",1,NA,NA,NA,NA
journal-article-10.2307_insipent.31.26.09,"mishory, jordana",1,NA,NA,NA,NA
journal-article-10.2307_insipent.31.30.13,"maucione, scott",1,NA,NA,NA,NA
journal-article-10.2307_insipent.31.30.14,"mishory, jordana",1,NA,NA,NA,NA
journal-article-10.2307_insipent.31.32.01,"bertuca, tony",1,NA,NA,NA,NA
journal-article-10.2307_insipent.31.32.14,"censer, marjorie",1,NA,NA,NA,NA
journal-article-10.2307_insipent.31.33.07,"maucione, scott",1,NA,NA,NA,NA
journal-article-10.2307_insipent.31.33.08,"maucione, scott",1,NA,NA,NA,NA
journal-article-10.2307_insipent.31.37.02,"mcbride, courtney",1,NA,NA,NA,NA
journal-article-10.2307_insipent.31.37.12,"mishory, jordana",1,NA,NA,NA,NA
journal-article-10.2307_insipent.31.38.02,"bertuca, tony",1,NA,NA,NA,NA
journal-article-10.2307_insipent.31.38.03,"mcbride, courtney",1,NA,NA,NA,NA
journal-article-10.2307_insipent.31.40.08,"bertuca, tony",1,NA,NA,NA,NA
journal-article-10.2307_insipent.31.40.09,"mishory, jordana",1,NA,NA,NA,NA
journal-article-10.2307_insipent.31.41.01,"bertuca, tony",1,NA,NA,NA,NA
journal-article-10.2307_insipent.31.46.04,"mcbride, courtney",1,NA,NA,NA,NA
journal-article-10.2307_insipent.31.46.08,"bertuca, tony",1,NA,NA,NA,NA
journal-article-10.2307_insipent.31.50.24,"censer, marjorie",1,NA,NA,NA,NA
journal-article-10.2307_insipent.31.50.25,"censer, marjorie",1,NA,NA,NA,NA
journal-article-10.2307_insipent.31.8.07,"sherman, jason",1,NA,NA,NA,0000-0002-6686-5993
journal-article-10.2307_insipent.31.8.08,"bertuca, tony",1,NA,NA,NA,NA
journal-article-10.2307_insipent.31.8.10,"mishory, jordana",1,NA,NA,NA,NA
journal-article-10.2307_insipent.31.8.11,"mishory, jordana",1,NA,NA,NA,NA
journal-article-10.2307_insipent.32.12.03,"mishory, jordana",1,NA,NA,NA,NA
journal-article-10.2307_insipent.32.12.04,"sherman, jason",1,NA,NA,NA,0000-0002-6686-5993
journal-article-10.2307_insipent.32.19.04,"bertuca, tony",1,NA,NA,NA,NA
journal-article-10.2307_insipent.32.34.02,"censer, marjorie",1,NA,NA,NA,NA
journal-article-10.2307_insipent.32.34.03,"bertuca, tony",1,NA,NA,NA,NA
journal-article-10.2307_insipent.32.35.04,"bertuca, tony",1,NA,NA,NA,NA
journal-article-10.2307_insipent.32.35.09,"bertuca, tony",1,NA,NA,NA,NA
journal-article-10.2307_insipent.32.35.10,"mishory, jordana",1,NA,NA,NA,NA
journal-article-10.2307_insipent.32.37.04,"bertuca, tony",1,NA,NA,NA,NA
journal-article-10.2307_insipent.32.37.08,"censer, marjorie",1,NA,NA,NA,NA
journal-article-10.2307_insipent.32.39.08,"censer, marjorie",1,NA,NA,NA,NA
journal-article-10.2307_insipent.32.39.09,"bertuca, tony",1,NA,NA,NA,NA
journal-article-10.2307_insipent.32.39.10,"censer, marjorie",1,NA,NA,NA,NA
journal-article-10.2307_insipent.32.41.01,"mishory, jordana",1,NA,NA,NA,NA
journal-article-10.2307_insipent.32.41.04,"bertuca, tony",1,NA,NA,NA,NA
journal-article-10.2307_insipent.32.41.09,"mishory, jordana",1,NA,NA,NA,NA
journal-article-10.2307_insipent.32.51.03,"sherman, jason",1,NA,NA,NA,0000-0002-6686-5993
journal-article-10.2307_insipent.32.6.01,"sherman, jason",1,NA,NA,NA,0000-0002-6686-5993
journal-article-10.2307_insipent.32.6.10,"mishory, jordana",1,NA,NA,NA,NA
journal-article-10.2307_intesociscierevi.91.2.22,"messineo, melinda",1,NA,NA,NA,0000-0002-7599-4770
journal-article-10.2307_revfranscipoleng.62.5-6.1,"bennani-chraïbi, mounia",1,NA,NA,NA,0000-0003-3906-6683
journal-article-10.2307_revfranscipoleng.62.5-6.1,"fillieule, olivier",2,NA,NA,NA,0000-0002-6926-1714
journal-article-10.2307_revfranscipoleng.62.5-6.1,"raillard, sarah-louise",3,NA,NA,NA,NA
journal-article-10.2307_revfranscipoleng.65.5-6.71,"boullier, dominique",1,NA,NA,NA,0000-0003-2080-6434
journal-article-10.5325_goodsociety.23.2.0160,"landemore, hélène",1,NA,NA,NA,NA
journal-article-10.5325_utopianstudies.26.1.0256,"sassower, raphael",1,NA,NA,NA,0000-0003-3501-6013
journal-article-10.5325_utopianstudies.26.2.0422,"sassower, raphael",1,NA,NA,NA,0000-0003-3501-6013
